Id,fixed acidity,residual sugar,free sulfur dioxide,total sulfur dioxide,density,pH,sulphates,alcohol,quality,cluster
0,7.4,1.9,11.0,34.0,0.9978,3.51,0.56,9.4,5,Raiz
1,7.8,2.6,25.0,67.0,0.9968,3.2,0.68,9.8,5,Raiz
2,7.8,2.3,15.0,54.0,0.997,3.26,0.65,9.8,5,Raiz
3,11.2,1.9,17.0,60.0,0.998,3.16,0.58,9.8,6,Momento
4,7.4,1.9,11.0,34.0,0.9978,3.51,0.56,9.4,5,Raiz
5,7.4,1.8,13.0,40.0,0.9978,3.51,0.56,9.4,5,Raiz
6,7.9,1.6,15.0,59.0,0.9964,3.3,0.46,9.4,5,Raiz
7,7.3,1.2,15.0,21.0,0.9946,3.39,0.47,10.0,7,Raiz
8,7.8,2.0,9.0,18.0,0.9968,3.36,0.57,9.5,7,Raiz
10,6.7,1.8,15.0,65.0,0.9959,3.28,0.54,9.2,5,Raiz
12,5.6,1.6,16.0,59.0,0.9943,3.58,0.52,9.9,5,Raiz
13,7.8,1.6,9.0,29.0,0.9974,3.26,1.56,9.1,5,Raiz
16,8.5,1.8,35.0,103.0,0.9969,3.3,0.75,10.5,7,Raiz
19,7.9,1.8,17.0,56.0,0.9969,3.04,1.08,9.2,6,Raiz
21,7.6,2.3,23.0,71.0,0.9982,3.52,0.65,9.7,5,Raiz
22,7.9,1.6,10.0,37.0,0.9966,3.17,0.91,9.5,5,Raiz
23,8.5,2.3,9.0,67.0,0.9968,3.17,0.53,9.4,5,Raiz
24,6.9,2.4,21.0,40.0,0.9968,3.43,0.63,9.7,6,Raiz
25,6.3,1.4,11.0,23.0,0.9955,3.34,0.56,9.3,5,Raiz
26,7.6,1.8,4.0,11.0,0.9962,3.28,0.59,9.5,5,Raiz
28,7.1,1.9,14.0,35.0,0.9972,3.47,0.55,9.4,5,Raiz
29,7.8,2.0,8.0,16.0,0.9964,3.38,0.59,9.8,6,Raiz
30,6.7,2.4,17.0,82.0,0.9958,3.35,0.54,10.1,5,Raiz
32,8.3,2.3,15.0,113.0,0.9966,3.17,0.66,9.8,5,Raiz
34,5.2,1.8,13.0,50.0,0.9957,3.38,0.55,9.2,5,Raiz
35,7.8,5.5,5.0,18.0,0.9986,3.4,0.55,9.6,6,Momento
36,7.8,2.4,3.0,15.0,0.9975,3.42,0.6,10.8,6,Raiz
37,8.1,2.1,13.0,30.0,0.9968,3.23,0.73,9.7,7,Raiz
40,7.3,5.9,12.0,87.0,0.9978,3.33,0.83,10.5,5,Momento
41,8.8,2.8,17.0,46.0,0.9976,3.26,0.51,9.3,4,Raiz
42,7.5,2.6,8.0,14.0,0.9968,3.21,0.9,10.5,6,Raiz
43,8.1,2.2,9.0,23.0,0.9968,3.3,1.2,10.3,5,Raiz
45,4.6,2.1,8.0,65.0,0.9934,3.9,0.56,13.1,4,Grande Século
46,7.7,2.2,22.0,114.0,0.997,3.25,0.73,9.2,5,Raiz
50,8.8,1.7,4.0,23.0,0.9971,3.15,0.74,9.2,5,Raiz
51,6.6,2.2,8.0,15.0,0.9956,3.4,0.63,9.4,6,Raiz
52,6.6,2.1,6.0,14.0,0.9955,3.39,0.64,9.4,6,Raiz
53,8.6,3.0,30.0,119.0,0.997,3.2,0.56,9.4,5,Raiz
54,7.6,2.8,33.0,73.0,0.9955,3.17,0.63,10.2,6,Raiz
56,10.2,3.4,4.0,10.0,0.9971,3.04,0.63,9.6,5,Momento
58,7.8,2.3,17.0,54.0,0.9975,3.43,0.59,10.0,5,Raiz
59,7.3,2.4,9.0,46.0,0.9962,3.41,0.54,9.4,6,Raiz
60,8.8,2.2,19.0,52.0,0.998,3.44,0.64,9.2,5,Raiz
61,7.7,1.8,20.0,112.0,0.9968,3.21,0.71,9.3,5,Raiz
63,7.0,2.0,13.0,54.0,0.9966,3.39,0.57,9.8,5,Raiz
64,7.2,4.65,4.0,11.0,0.9962,3.41,0.39,10.9,5,Grande Século
65,7.2,4.65,4.0,11.0,0.9962,3.41,0.39,10.9,5,Grande Século
67,6.6,1.6,6.0,15.0,0.9962,3.44,0.58,10.7,5,Raiz
69,8.0,1.9,8.0,19.0,0.9962,3.34,0.95,10.5,6,Raiz
72,7.7,1.9,18.0,94.0,0.9961,3.31,0.48,9.5,5,Raiz
73,8.3,2.1,11.0,43.0,0.9976,3.31,0.53,9.2,4,Raiz
76,8.8,2.2,9.0,42.0,0.9986,3.54,0.66,10.5,5,Raiz
77,6.8,2.4,14.0,30.0,0.9966,3.52,0.55,10.7,6,Raiz
78,6.7,2.0,12.0,80.0,0.9958,3.38,0.52,10.1,5,Raiz
79,8.3,1.5,27.0,119.0,0.9972,3.16,1.12,9.1,4,Raiz
80,6.2,1.6,3.0,15.0,0.9958,3.41,0.56,9.2,5,Raiz
82,7.4,2.0,21.0,73.0,0.997,3.36,0.57,9.1,5,Raiz
84,6.3,1.8,18.0,61.0,0.9959,3.44,0.78,10.3,6,Raiz
85,6.9,2.2,19.0,40.0,0.9961,3.41,0.59,10.1,5,Raiz
86,8.6,1.9,20.0,136.0,0.9972,2.93,1.95,9.9,6,Raiz
87,7.7,1.9,9.0,31.0,0.9966,3.39,0.64,9.6,5,Raiz
88,9.3,2.1,34.0,125.0,0.9978,3.14,1.22,9.5,5,Raiz
89,7.0,1.8,8.0,24.0,0.9978,3.48,0.53,9.0,5,Raiz
90,7.9,1.9,42.0,140.0,0.9964,3.23,0.54,9.5,5,Raiz
91,8.6,1.9,20.0,136.0,0.9972,2.93,1.95,9.9,6,Raiz
93,7.7,1.9,9.0,31.0,0.9966,3.39,0.64,9.6,5,Raiz
94,5.0,1.4,41.0,85.0,0.9938,3.75,0.48,10.5,4,Grande Século
96,6.8,3.0,8.0,23.0,0.9965,3.45,0.56,10.7,5,Raiz
98,7.6,2.5,5.0,10.0,0.9967,3.39,0.56,9.8,5,Raiz
99,8.1,1.9,13.0,35.0,0.9972,3.3,0.59,9.0,6,Raiz
100,8.3,2.1,11.0,50.0,0.9972,3.4,0.61,10.2,6,Raiz
102,8.1,1.9,13.0,35.0,0.9972,3.3,0.59,9.0,6,Raiz
103,8.1,2.1,12.0,65.0,0.9967,3.29,0.51,9.2,5,Raiz
104,7.2,2.2,5.0,36.0,0.996,3.33,0.48,9.4,5,Raiz
105,8.1,2.1,12.0,65.0,0.9967,3.29,0.51,9.2,5,Raiz
106,7.8,1.7,18.0,69.0,0.9973,3.08,1.31,9.3,5,Raiz
107,6.2,1.7,15.0,64.0,0.9969,3.46,0.79,9.3,5,Raiz
110,7.8,1.8,12.0,47.0,0.9964,3.19,0.93,9.5,5,Raiz
111,8.4,2.2,11.0,108.0,0.9964,3.15,0.66,9.8,5,Raiz
113,10.1,2.3,22.0,46.0,0.9988,3.32,0.67,9.7,6,Momento
114,7.8,1.8,12.0,47.0,0.9964,3.19,0.93,9.5,5,Raiz
115,9.4,2.2,13.0,62.0,0.9966,3.07,0.63,10.5,6,Raiz
116,8.3,1.9,11.0,40.0,0.9978,3.39,0.61,10.0,6,Raiz
120,7.3,1.7,10.0,89.0,0.9962,3.3,0.57,9.0,5,Raiz
121,8.8,2.2,14.0,56.0,0.9962,3.21,0.6,10.9,6,Raiz
122,7.3,2.5,3.0,13.0,0.998,3.49,0.52,9.2,5,Raiz
124,7.8,1.6,21.0,102.0,0.996,3.39,0.48,9.5,5,Raiz
126,8.2,1.7,3.0,12.0,0.9964,3.53,0.49,10.9,5,Raiz
127,8.1,1.8,3.0,12.0,0.9964,3.54,0.48,10.9,5,Raiz
128,8.0,1.8,3.0,16.0,0.9962,3.42,0.92,10.5,7,Raiz
130,8.0,2.0,30.0,134.0,0.9968,3.24,0.66,9.4,5,Raiz
131,5.6,2.3,17.0,99.0,0.9937,3.63,0.63,13.0,5,Grande Século
134,7.9,2.2,13.0,29.0,0.9959,3.22,0.55,9.9,6,Raiz
135,8.4,1.9,16.0,63.0,0.9965,3.19,0.82,9.6,5,Raiz
137,7.2,2.0,13.0,45.0,0.9972,3.48,0.64,9.2,5,Raiz
140,8.4,1.9,16.0,63.0,0.9965,3.19,0.82,9.6,5,Raiz
142,5.2,1.8,27.0,63.0,0.9916,3.68,0.79,14.0,6,Grande Século
143,6.3,1.7,3.0,20.0,0.9954,3.34,0.58,9.4,5,Raiz
144,5.2,1.8,27.0,63.0,0.9916,3.68,0.79,14.0,6,Grande Século
145,8.1,1.8,32.0,141.0,0.9968,3.17,0.62,9.4,5,Raiz
146,5.8,1.8,21.0,94.0,0.9944,3.54,0.52,10.0,5,Raiz
148,6.9,2.3,12.0,30.0,0.9959,3.42,0.58,10.2,6,Raiz
150,7.3,2.1,5.0,11.0,0.9958,3.33,0.53,10.3,6,Raiz
151,9.2,3.4,32.0,69.0,0.9996,2.74,2.0,9.4,4,Momento
152,7.5,1.8,25.0,99.0,0.995,3.35,0.54,10.1,5,Raiz
153,7.5,1.8,25.0,99.0,0.995,3.35,0.54,10.1,5,Raiz
155,7.1,5.5,28.0,128.0,0.9973,3.42,0.71,10.5,5,Raiz
156,7.1,5.5,29.0,129.0,0.9973,3.42,0.72,10.5,5,Raiz
157,7.1,5.5,28.0,128.0,0.9973,3.42,0.71,10.5,5,Raiz
158,7.1,2.2,12.0,22.0,0.9969,3.48,0.5,9.3,5,Raiz
159,6.8,1.9,18.0,86.0,0.9968,3.59,0.57,9.3,6,Raiz
160,7.6,2.0,7.0,20.0,0.9959,3.2,0.56,9.6,5,Raiz
161,7.6,1.3,9.0,20.0,0.9965,3.17,1.08,9.2,4,Raiz
162,7.8,1.7,17.0,31.0,0.9964,3.33,0.56,10.0,6,Raiz
163,7.4,7.3,36.0,121.0,0.9982,3.37,0.49,9.4,5,Momento
164,7.3,7.2,35.0,121.0,0.9981,3.37,0.49,9.4,5,Momento
165,7.8,1.7,14.0,96.0,0.9961,3.19,0.62,9.5,5,Raiz
166,6.8,2.1,18.0,101.0,0.9956,3.34,0.52,10.2,5,Raiz
167,7.3,1.6,17.0,42.0,0.9956,3.37,0.48,9.0,4,Raiz
168,6.8,2.1,11.0,44.0,0.9953,3.47,0.55,10.4,6,Raiz
170,7.9,1.8,4.0,8.0,0.9972,3.36,0.33,9.1,4,Raiz
172,8.0,2.0,6.0,18.0,0.9972,3.29,0.61,9.2,6,Raiz
173,7.4,1.9,24.0,42.0,0.9961,3.42,0.57,11.5,6,Grande Século
175,6.9,1.5,19.0,49.0,0.9958,3.35,0.78,9.5,5,Raiz
176,7.3,2.0,7.0,35.0,0.9961,3.33,0.47,9.5,5,Raiz
177,7.5,2.3,8.0,38.0,0.9972,3.58,0.61,10.5,6,Raiz
178,7.0,2.5,7.0,20.0,0.9969,3.48,0.56,9.6,5,Raiz
179,8.8,2.4,10.0,42.0,0.9969,3.19,0.59,9.5,5,Raiz
180,8.8,2.4,10.0,42.0,0.9969,3.19,0.59,9.5,5,Raiz
181,8.9,2.0,23.0,110.0,0.9972,3.12,1.02,9.3,5,Raiz
182,7.2,2.5,16.0,42.0,0.9972,3.44,0.52,9.3,5,Raiz
183,6.8,1.8,11.0,65.0,0.9971,3.54,0.58,9.3,5,Raiz
184,6.7,1.9,8.0,62.0,0.997,3.52,0.58,9.3,6,Raiz
185,8.9,2.0,26.0,85.0,0.9971,3.26,0.53,9.7,5,Raiz
186,7.4,2.0,14.0,67.0,0.9972,3.34,0.55,9.2,5,Raiz
188,7.9,2.0,15.0,143.0,0.9968,3.2,0.55,9.5,5,Raiz
190,8.2,2.9,21.0,127.0,0.9976,3.23,0.62,9.4,5,Raiz
191,6.4,1.9,21.0,49.0,0.9974,3.57,0.62,9.8,6,Raiz
193,7.6,2.2,7.0,28.0,0.9964,3.28,0.55,9.7,5,Raiz
194,7.6,2.2,7.0,28.0,0.9964,3.28,0.55,9.7,5,Raiz
196,7.3,2.4,15.0,55.0,0.9968,3.46,0.59,10.2,5,Raiz
197,11.5,2.0,12.0,27.0,0.9981,3.11,0.97,10.1,6,Momento
199,6.9,2.1,12.0,31.0,0.9948,3.51,0.43,11.4,4,Grande Século
200,9.6,1.4,9.0,24.0,0.99695,3.22,0.82,10.3,7,Raiz
204,7.0,1.6,14.0,37.0,0.99615,3.34,0.56,9.2,6,Raiz
205,12.8,2.6,9.0,28.0,0.9994,3.2,0.77,10.8,7,Momento
206,12.8,2.6,9.0,28.0,0.9994,3.2,0.77,10.8,7,Momento
208,7.8,2.7,18.0,95.0,0.9966,3.22,0.67,9.4,5,Raiz
210,9.7,2.0,5.0,19.0,0.99585,3.3,0.86,12.4,6,Grande Século
211,8.0,2.8,10.0,62.0,0.99685,3.35,0.56,10.0,6,Raiz
213,8.2,2.2,28.0,65.0,0.9959,3.3,0.43,10.1,5,Raiz
214,7.8,2.4,10.0,41.0,0.9974,3.24,0.71,9.8,6,Raiz
215,7.0,5.6,26.0,121.0,0.9974,3.34,0.76,10.5,5,Raiz
216,8.7,2.0,13.0,49.0,0.9962,3.14,0.57,11.0,5,Raiz
217,8.1,2.2,11.0,41.0,0.9967,3.36,0.55,9.1,5,Raiz
218,7.5,1.9,10.0,44.0,0.9957,3.39,0.54,9.7,5,Raiz
220,7.8,2.0,24.0,58.0,0.9964,3.34,0.59,9.4,6,Raiz
221,7.4,2.0,16.0,72.0,0.9957,3.15,0.57,9.4,5,Raiz
222,6.8,1.5,5.0,10.0,0.99525,3.42,0.6,9.5,5,Raiz
223,8.6,2.0,8.0,28.0,0.99815,3.28,0.6,10.0,6,Raiz
225,7.7,2.6,29.0,63.0,0.99615,3.37,0.58,10.5,6,Raiz
226,8.9,2.0,27.0,81.0,0.9964,3.04,1.61,9.5,6,Raiz
230,5.2,1.6,19.0,106.0,0.9927,3.54,0.62,12.2,7,Grande Século
231,8.0,1.8,12.0,49.0,0.99625,3.37,0.52,9.9,6,Raiz
232,8.5,2.8,18.0,58.0,0.998,3.34,0.7,9.6,6,Raiz
234,8.2,2.3,7.0,37.0,0.99685,3.32,0.55,9.0,6,Raiz
235,7.2,1.9,14.0,38.0,0.99675,3.37,0.58,9.0,6,Raiz
240,8.9,1.7,5.0,62.0,0.9971,3.0,1.09,9.3,5,Raiz
241,12.0,2.1,6.0,24.0,0.99925,3.14,0.71,10.9,6,Momento
242,7.7,1.8,28.0,109.0,0.99565,3.08,0.49,9.8,6,Raiz
243,15.0,2.2,10.0,24.0,1.00005,3.07,0.84,9.2,7,Momento
244,15.0,2.2,10.0,24.0,1.00005,3.07,0.84,9.2,7,Momento
245,7.3,2.0,6.0,23.0,0.9983,3.61,0.96,9.9,6,Raiz
246,7.1,1.9,16.0,51.0,0.99685,3.38,0.52,9.5,5,Raiz
249,7.3,2.0,6.0,23.0,0.9983,3.61,0.96,9.9,6,Raiz
250,10.8,1.6,16.0,37.0,0.9985,3.22,0.78,10.0,6,Momento
251,7.1,1.8,16.0,34.0,0.9972,3.47,0.7,9.9,6,Raiz
252,11.1,3.1,5.0,21.0,0.9986,3.17,0.53,10.5,5,Momento
253,7.7,1.9,8.0,86.0,0.9959,3.23,0.59,9.5,5,Raiz
255,8.0,3.2,17.0,119.0,0.99675,3.26,0.57,9.3,5,Raiz
256,9.4,2.2,5.0,13.0,0.998,3.22,0.62,9.2,5,Raiz
257,6.6,2.1,12.0,56.0,0.9968,3.49,0.67,9.2,5,Raiz
258,7.7,1.8,8.0,45.0,0.9968,3.06,1.26,9.4,5,Raiz
259,10.0,2.6,14.0,33.0,0.99965,3.36,0.8,10.5,7,Momento
260,7.9,1.7,18.0,45.0,0.99625,3.29,0.65,9.3,5,Raiz
261,7.0,2.0,12.0,67.0,0.99565,3.35,0.6,9.4,4,Raiz
262,8.0,1.7,10.0,35.0,0.99575,3.34,0.57,10.0,5,Raiz
263,7.9,1.8,23.0,49.0,0.9963,3.28,0.67,9.3,5,Raiz
264,12.5,2.4,5.0,27.0,0.9999,3.08,0.87,10.9,5,Momento
266,8.1,3.3,26.0,61.0,1.00025,3.6,0.72,9.8,4,Momento
267,7.9,3.6,15.0,37.0,0.9973,3.35,0.86,12.8,8,Grande Século
268,6.9,3.0,7.0,27.0,0.9987,3.69,0.91,9.4,6,Raiz
269,11.5,4.0,4.0,23.0,0.9996,3.28,0.97,10.1,6,Momento
270,7.9,4.0,27.0,61.0,0.9965,3.36,0.67,10.7,6,Raiz
275,7.9,4.0,27.0,61.0,0.9965,3.36,0.67,10.7,6,Raiz
276,6.9,3.0,7.0,27.0,0.9987,3.69,0.91,9.4,6,Raiz
277,11.5,4.0,4.0,23.0,0.9996,3.28,0.97,10.1,6,Momento
278,10.3,6.4,5.0,13.0,0.9976,3.23,0.82,12.6,8,Momento
279,8.9,5.6,10.0,47.0,0.9991,3.38,0.77,10.5,7,Momento
280,11.4,3.6,6.0,19.0,0.9986,3.12,0.82,9.3,6,Momento
281,7.7,3.5,5.0,10.0,0.9972,3.25,1.08,9.9,7,Raiz
283,8.9,5.6,10.0,47.0,0.9991,3.38,0.77,10.5,7,Momento
284,9.9,3.4,32.0,71.0,1.00015,3.31,0.71,9.8,5,Momento
285,9.9,3.4,32.0,71.0,1.00015,3.31,0.71,9.8,5,Momento
286,12.0,2.0,25.0,49.0,0.9997,3.1,0.76,10.3,6,Momento
287,7.5,3.0,29.0,53.0,0.9967,3.37,0.7,10.3,6,Raiz
288,8.7,2.5,20.0,49.0,0.9976,3.34,0.86,10.6,7,Raiz
289,11.6,3.3,33.0,98.0,1.001,3.2,0.95,9.2,5,Momento
290,8.7,2.5,20.0,49.0,0.9976,3.34,0.86,10.6,7,Raiz
292,10.4,2.7,18.0,48.0,0.9994,3.22,0.64,10.3,6,Momento
293,6.9,2.4,5.0,16.0,0.9964,3.41,0.6,10.1,6,Raiz
294,13.3,3.2,17.0,53.0,1.0014,3.05,0.81,9.5,6,Momento
295,10.8,2.5,5.0,27.0,1.0001,3.05,0.64,9.5,5,Momento
296,10.6,2.6,26.0,70.0,0.9981,3.16,0.52,9.9,5,Momento
297,7.1,2.0,8.0,29.0,0.99855,3.67,0.73,9.6,5,Raiz
298,7.2,2.3,5.0,31.0,0.9993,3.67,0.8,9.7,5,Raiz
300,7.5,2.6,20.0,44.0,0.9965,3.38,0.59,10.7,6,Raiz
301,11.1,1.5,7.0,15.0,0.9973,3.22,0.64,10.1,6,Momento
302,8.3,2.6,12.0,28.0,0.9994,3.51,0.72,10.0,5,Raiz
304,8.4,2.1,12.0,90.0,0.9973,3.2,0.52,9.2,5,Raiz
306,7.6,2.2,7.0,54.0,0.9966,3.36,0.52,9.4,5,Raiz
307,10.3,2.4,6.0,14.0,0.9994,3.19,0.62,9.5,6,Momento
308,10.3,2.4,5.0,12.0,0.9994,3.19,0.63,9.5,6,Momento
311,7.9,2.0,15.0,105.0,0.996,3.27,0.54,9.4,6,Raiz
312,9.0,2.8,19.0,98.0,0.99815,3.32,0.63,9.5,6,Raiz
313,8.6,3.0,30.0,135.0,0.9976,3.3,0.53,9.4,5,Raiz
314,7.4,2.6,26.0,72.0,0.99645,3.39,0.68,11.0,5,Grande Século
318,9.8,3.2,21.0,59.0,0.9989,3.37,0.71,11.5,7,Momento
319,9.6,2.9,30.0,74.0,0.99865,3.3,0.64,10.4,6,Momento
321,9.3,3.4,25.0,87.0,0.99975,3.24,0.62,9.7,5,Momento
324,10.0,11.0,13.0,50.0,1.0015,3.16,0.69,9.2,6,Momento
325,10.0,11.0,13.0,50.0,1.0015,3.16,0.69,9.2,6,Momento
326,11.6,3.65,6.0,14.0,0.9978,3.05,0.74,11.5,7,Momento
327,10.3,4.5,5.0,13.0,0.998,3.28,0.83,11.5,5,Momento
328,13.4,2.6,6.0,21.0,1.0002,3.16,0.67,9.7,6,Momento
333,8.4,2.1,16.0,44.0,0.9958,3.13,0.52,11.0,5,Grande Século
334,7.9,2.5,17.0,38.0,0.9963,3.34,0.74,11.7,7,Grande Século
335,11.9,3.4,7.0,21.0,0.9992,3.17,0.84,12.2,7,Momento
336,8.9,1.9,6.0,16.0,0.9948,3.35,0.7,12.5,6,Grande Século
337,7.8,2.8,29.0,58.0,0.9974,3.31,0.64,10.3,5,Raiz
339,12.5,2.3,12.0,29.0,0.9997,3.11,1.36,9.8,7,Momento
342,10.9,1.8,6.0,14.0,0.9982,3.3,0.75,9.8,6,Momento
343,10.9,1.8,6.0,14.0,0.9982,3.3,0.75,9.8,6,Momento
344,11.9,2.6,6.0,32.0,1.0006,3.12,0.78,10.7,6,Momento
347,13.8,3.0,6.0,15.0,0.9986,3.02,0.93,12.0,6,Momento
348,9.6,2.8,15.0,46.0,0.9979,3.11,0.92,10.0,6,Momento
351,9.1,2.6,11.0,26.0,0.9994,3.35,0.83,9.4,6,Momento
352,7.7,2.4,8.0,19.0,0.9974,3.27,0.73,9.3,5,Raiz
353,13.5,4.8,23.0,77.0,1.0018,3.18,0.77,13.0,5,Momento
354,6.1,1.4,40.5,165.0,0.9912,3.25,0.59,11.9,6,Grande Século
355,6.7,2.4,17.0,32.0,0.9955,3.55,0.61,12.8,6,Grande Século
356,11.5,3.0,29.0,55.0,1.0001,3.26,0.88,11.0,5,Momento
357,10.5,2.95,12.0,29.0,0.997,3.24,0.75,11.7,7,Momento
358,11.9,3.1,10.0,23.0,1.0,3.15,0.85,10.4,7,Momento
359,12.6,2.6,10.0,41.0,1.001,3.17,0.68,9.8,6,Momento
360,8.2,2.0,14.0,81.0,0.9973,3.19,0.7,9.4,5,Raiz
361,8.6,2.6,21.0,50.0,0.9982,3.37,0.91,9.9,6,Raiz
362,11.9,2.5,6.0,37.0,0.9992,3.05,0.56,10.0,5,Momento
363,12.5,2.0,6.0,15.0,0.9988,2.99,0.87,10.2,5,Momento
364,12.8,5.8,7.0,42.0,1.0022,3.07,0.73,10.0,7,Momento
366,12.8,5.8,7.0,42.0,1.0022,3.07,0.73,10.0,7,Momento
367,10.4,2.6,11.0,24.0,1.0,3.16,0.69,9.0,5,Momento
369,9.4,2.4,6.0,18.0,0.9962,3.2,1.13,12.0,7,Grande Século
371,7.9,1.6,11.0,25.0,0.9967,3.32,0.87,8.7,6,Raiz
372,9.1,1.8,26.0,46.0,0.9967,3.32,1.04,10.6,6,Raiz
376,11.5,3.0,19.0,47.0,1.0003,3.26,1.11,11.0,6,Momento
377,9.4,2.4,6.0,18.0,0.9962,3.2,1.13,12.0,7,Grande Século
378,11.4,6.2,6.0,24.0,0.9988,3.11,0.99,13.3,6,Momento
380,8.3,2.0,11.0,27.0,0.9974,3.21,0.8,9.4,6,Raiz
384,7.7,2.1,23.0,54.0,0.998,3.42,0.74,9.2,5,Raiz
388,7.8,1.9,23.0,53.0,0.9981,3.43,0.74,9.2,6,Raiz
390,5.6,1.4,12.0,88.0,0.9924,3.56,0.82,12.9,8,Grande Século
391,13.7,2.9,17.0,43.0,1.0014,3.06,0.8,10.0,6,Momento
392,9.5,2.0,6.0,26.0,0.998,3.18,0.51,9.5,5,Raiz
395,12.0,4.2,7.0,38.0,1.0004,3.22,0.6,13.0,7,Momento
396,6.6,7.9,68.0,124.0,0.9994,3.47,0.53,9.9,5,Momento
397,11.5,2.6,13.0,49.0,0.9988,3.18,0.65,11.0,6,Momento
399,8.7,2.3,9.0,42.0,0.9963,3.1,0.55,9.4,5,Raiz
400,6.6,7.9,68.0,124.0,0.9994,3.47,0.53,9.9,5,Momento
402,12.2,2.6,19.0,64.0,1.0,3.1,0.61,10.5,6,Momento
403,11.4,2.7,10.0,41.0,0.9994,3.15,0.63,10.5,6,Momento
404,7.7,2.7,15.0,27.0,0.9974,3.26,0.61,9.1,5,Raiz
406,9.8,2.5,9.0,28.0,0.9981,3.24,0.65,10.8,6,Momento
407,12.0,3.0,12.0,30.0,0.9996,3.18,0.63,10.8,7,Momento
409,12.5,4.5,26.0,49.0,0.9981,3.05,0.57,9.6,4,Momento
410,9.0,2.5,26.0,86.0,0.9987,3.38,0.62,9.5,6,Raiz
412,7.1,1.9,15.0,77.0,0.9966,3.27,0.64,9.3,5,Raiz
413,9.9,6.7,6.0,19.0,0.9986,3.27,0.82,11.7,7,Momento
414,8.8,2.7,24.0,122.0,0.9982,3.26,0.61,9.5,5,Raiz
415,8.6,6.6,31.0,134.0,1.0014,3.32,1.07,9.3,5,Momento
416,10.6,2.2,6.0,20.0,0.997,3.26,0.66,11.7,6,Momento
417,7.0,1.9,34.0,124.0,0.9956,3.44,0.48,10.5,5,Raiz
418,11.9,2.0,7.0,20.0,0.9996,3.24,0.76,10.4,6,Momento
419,6.8,1.8,34.0,52.0,0.9976,3.62,0.68,9.9,5,Raiz
421,6.6,2.3,32.0,48.0,0.9952,3.52,0.56,12.3,7,Grande Século
422,7.7,2.0,15.0,60.0,0.9955,3.36,0.44,10.9,5,Grande Século
423,10.5,2.1,6.0,24.0,0.9978,3.15,0.9,11.0,7,Momento
425,6.6,2.3,32.0,48.0,0.9952,3.52,0.56,12.3,7,Grande Século
426,6.4,2.1,19.0,48.0,0.9949,3.49,0.49,11.4,6,Grande Século
427,9.5,1.9,6.0,32.0,0.9988,3.26,0.56,10.6,6,Momento
428,9.1,1.3,9.0,30.0,0.9978,3.24,0.6,9.3,5,Raiz
429,12.8,2.4,13.0,35.0,0.9997,3.1,0.6,10.4,6,Momento
430,10.5,2.1,6.0,24.0,0.9978,3.15,0.9,11.0,7,Momento
431,7.8,2.2,21.0,66.0,0.9974,3.25,0.56,9.2,5,Raiz
433,12.3,2.3,6.0,18.0,1.0004,3.16,0.49,9.5,5,Momento
434,10.4,3.2,22.0,54.0,0.9996,3.15,0.89,9.9,6,Momento
435,12.3,2.3,6.0,18.0,1.0004,3.16,0.49,9.5,5,Momento
436,8.0,2.0,38.0,62.0,0.9958,3.26,0.56,10.2,6,Raiz
437,11.1,3.2,6.0,22.0,0.9986,3.17,0.66,11.2,6,Momento
439,7.0,1.5,7.0,50.0,0.9951,3.08,0.6,9.3,5,Raiz
440,12.6,2.2,6.0,29.0,0.9987,2.88,0.82,9.8,8,Momento
442,15.6,3.7,6.0,43.0,1.0032,2.95,0.68,11.2,7,Momento
444,5.3,1.7,5.0,27.0,0.9934,3.57,0.84,12.5,7,Grande Século
446,12.5,2.6,31.0,72.0,0.9996,3.1,0.73,10.5,5,Momento
447,9.3,2.1,6.0,16.0,0.9968,3.22,0.72,11.2,5,Raiz
448,8.6,2.0,7.0,27.0,0.9967,3.2,0.56,10.2,6,Raiz
449,11.9,2.8,17.0,35.0,0.9994,3.1,0.61,10.8,6,Momento
450,11.9,2.8,17.0,35.0,0.9994,3.1,0.61,10.8,6,Momento
452,6.8,1.7,18.0,35.0,0.9968,3.44,0.63,10.0,6,Raiz
453,10.4,2.8,5.0,22.0,0.9998,3.26,0.74,11.2,7,Momento
454,7.0,1.6,21.0,67.0,0.9952,3.5,0.63,11.1,5,Grande Século
455,11.3,5.2,6.0,19.0,0.9988,3.22,0.69,13.4,8,Momento
456,8.9,2.3,5.0,22.0,0.9986,3.37,0.58,10.3,5,Raiz
457,9.2,2.7,29.0,65.0,0.9988,3.28,0.58,9.6,5,Momento
459,11.6,2.2,10.0,47.0,1.0008,3.25,0.57,9.0,3,Momento
460,9.2,2.3,14.0,23.0,0.9976,3.35,0.61,11.3,6,Raiz
461,8.3,2.6,6.0,19.0,0.9982,3.26,0.61,9.3,5,Raiz
464,11.5,2.1,5.0,15.0,0.9987,2.98,0.7,9.2,6,Momento
466,10.3,2.0,21.0,51.0,0.9982,3.16,0.72,11.5,6,Momento
467,8.8,2.6,7.0,18.0,0.9947,3.32,0.79,14.0,6,Grande Século
468,11.4,2.1,6.0,21.0,1.0,3.17,0.62,9.2,6,Momento
469,8.7,1.2,36.0,48.0,0.9952,3.2,0.58,9.8,5,Raiz
470,13.0,2.6,15.0,47.0,0.9996,3.05,0.61,10.6,5,Momento
471,9.6,2.4,25.0,52.0,0.997,3.2,0.71,11.4,6,Momento
472,12.5,2.6,25.0,68.0,0.9995,3.15,0.82,10.4,6,Momento
475,9.6,2.2,5.0,28.0,0.9988,3.14,0.6,10.2,5,Momento
476,9.3,2.0,6.0,16.0,0.998,3.28,0.7,9.7,5,Raiz
477,10.4,1.8,6.0,20.0,0.9977,3.18,1.06,11.0,6,Momento
479,9.4,2.7,6.0,31.0,0.9984,3.19,0.7,10.1,6,Momento
480,10.6,15.5,6.0,23.0,1.0026,3.12,0.66,9.2,5,Momento
481,9.4,2.8,6.0,17.0,0.9964,3.15,0.92,11.7,8,Grande Século
483,10.6,2.2,7.0,18.0,0.9986,3.04,1.06,9.4,5,Momento
485,10.2,1.9,6.0,17.0,0.9976,3.17,0.47,10.0,5,Momento
487,10.2,1.8,5.0,14.0,0.9982,3.17,0.42,10.0,6,Momento
489,9.3,2.6,10.0,26.0,0.9984,3.34,0.75,10.2,6,Momento
491,9.2,2.5,12.0,25.0,0.9952,3.34,0.79,13.3,7,Grande Século
492,8.9,2.6,13.0,27.0,0.995,3.32,0.9,13.4,7,Grande Século
493,8.7,3.0,23.0,81.0,1.0002,3.48,0.74,11.6,6,Momento
494,6.5,8.3,28.0,91.0,0.9952,3.44,0.55,12.1,6,Grande Século
495,10.7,2.6,5.0,16.0,0.9972,3.15,0.65,11.0,8,Momento
496,7.8,1.9,14.0,38.0,0.9984,3.43,0.65,9.0,6,Raiz
497,7.2,2.5,43.0,113.0,0.9966,3.32,0.79,11.1,5,Grande Século
498,10.7,2.6,5.0,16.0,0.9972,3.15,0.65,11.0,8,Momento
499,8.7,3.0,23.0,81.0,1.0002,3.48,0.74,11.6,6,Momento
500,7.8,1.9,14.0,38.0,0.9984,3.43,0.65,9.0,6,Raiz
501,10.4,6.55,38.0,76.0,0.999,3.17,0.85,12.0,7,Momento
502,10.4,6.55,38.0,76.0,0.999,3.17,0.85,12.0,7,Momento
504,10.5,1.8,6.0,22.0,0.9976,3.21,1.05,10.8,7,Momento
505,10.2,2.9,10.0,26.0,0.9968,3.16,0.78,12.5,7,Grande Século
506,10.4,1.8,6.0,21.0,0.9976,3.25,1.02,10.8,7,Momento
507,11.2,2.3,6.0,13.0,1.0,3.17,0.71,9.5,6,Momento
509,13.3,2.8,23.0,43.0,0.9986,3.04,0.68,11.4,7,Momento
511,10.0,2.2,26.0,62.0,0.9994,3.18,0.63,10.2,6,Momento
512,10.7,2.1,15.0,49.0,0.998,3.03,0.81,9.7,6,Momento
513,10.5,2.4,6.0,15.0,0.9973,3.09,0.66,11.8,7,Momento
514,10.5,2.4,6.0,15.0,0.9973,3.09,0.66,11.8,7,Momento
515,8.5,6.1,34.0,151.0,1.001,3.31,1.14,9.3,5,Momento
516,12.5,4.3,5.0,14.0,1.001,3.25,0.74,11.9,6,Momento
517,10.4,2.1,5.0,16.0,0.9994,3.16,0.63,8.4,3,Momento
520,9.8,2.7,15.0,33.0,0.9982,3.42,0.9,10.0,6,Momento
523,9.3,2.5,38.0,142.0,0.9978,3.22,0.55,9.4,5,Raiz
524,9.2,2.4,23.0,116.0,0.9976,3.23,0.64,9.5,5,Raiz
527,7.0,2.5,33.0,85.0,0.9962,3.39,0.77,11.4,6,Grande Século
529,9.9,2.4,6.0,33.0,0.9974,3.09,0.57,9.4,5,Raiz
530,9.1,2.1,1.0,28.0,0.999,3.41,0.87,10.3,6,Momento
531,11.9,2.7,12.0,42.0,1.0004,3.16,0.61,10.3,5,Momento
532,11.9,2.7,12.0,42.0,1.0004,3.16,0.61,10.3,5,Momento
533,10.3,2.1,15.0,33.0,0.9956,3.22,0.66,12.8,6,Grande Século
534,10.0,2.7,13.0,32.0,1.0,3.28,0.56,10.0,6,Momento
535,9.1,2.1,1.0,28.0,0.999,3.41,0.87,10.3,6,Momento
536,9.9,2.4,6.0,33.0,0.9974,3.09,0.57,9.4,5,Raiz
537,8.1,2.1,5.0,13.0,0.9972,3.37,0.77,10.7,6,Raiz
538,12.9,5.8,5.0,35.0,1.0014,3.2,0.66,12.0,7,Momento
539,11.2,5.15,5.0,17.0,0.9996,3.22,0.62,11.2,5,Momento
540,9.2,3.3,20.0,47.0,0.9988,3.26,0.67,9.6,5,Momento
541,9.5,6.3,5.0,17.0,0.9988,3.21,0.73,11.0,6,Momento
542,9.3,2.1,5.0,20.0,0.9966,3.12,0.59,9.9,5,Raiz
543,11.2,2.5,16.0,53.0,0.9993,3.06,0.72,11.0,6,Momento
544,14.3,1.8,6.0,15.0,1.0008,2.86,0.79,8.4,6,Momento
545,9.1,2.6,38.0,106.0,0.9982,3.08,0.59,9.1,5,Raiz
546,7.5,2.0,10.0,28.0,0.9983,3.45,0.78,9.5,6,Raiz
547,10.6,2.5,6.0,21.0,0.9987,3.26,0.86,10.7,6,Momento
548,12.4,2.6,27.0,69.0,0.9994,3.12,0.75,10.4,6,Momento
550,6.8,2.1,9.0,25.0,0.9958,3.33,0.56,9.5,6,Raiz
551,9.4,2.8,14.0,45.0,0.998,3.19,0.73,10.0,6,Momento
552,9.5,2.7,14.0,44.0,0.998,3.12,0.74,10.0,6,Momento
553,5.0,1.6,32.0,96.0,0.9934,3.74,0.62,11.5,5,Grande Século
554,15.5,4.2,10.0,23.0,1.00315,2.92,0.74,11.1,5,Momento
556,10.9,4.6,10.0,17.0,1.0002,3.07,0.56,11.7,6,Momento
557,15.6,4.2,10.0,23.0,1.00315,2.92,0.74,11.1,5,Momento
559,13.0,4.3,6.0,47.0,1.0021,3.3,0.68,12.7,6,Momento
560,12.7,2.8,5.0,19.0,0.9994,3.14,0.57,11.4,5,Momento
562,9.0,2.9,41.0,110.0,0.9982,3.08,0.61,9.2,5,Raiz
563,7.6,2.7,25.0,60.0,0.9971,3.31,0.61,10.1,6,Raiz
564,13.0,4.3,6.0,47.0,1.0021,3.3,0.68,12.7,6,Momento
565,12.7,2.8,5.0,19.0,0.9994,3.14,0.57,11.4,5,Momento
567,8.7,2.5,5.0,15.0,0.9991,3.32,0.6,9.0,6,Raiz
568,9.8,2.6,5.0,20.0,0.999,3.31,0.79,10.7,6,Momento
569,6.2,2.2,19.0,42.0,0.9946,3.57,0.57,11.7,6,Grande Século
570,11.5,3.3,10.0,37.0,1.0003,3.32,0.91,11.0,6,Momento
572,10.2,2.4,10.0,28.0,0.9978,3.14,0.61,10.4,5,Momento
576,9.9,2.3,6.0,14.0,0.9978,3.34,0.52,10.0,4,Momento
577,8.8,2.8,18.0,111.0,0.9982,3.3,0.6,9.5,5,Raiz
578,8.8,2.9,17.0,110.0,0.9982,3.29,0.6,9.8,5,Raiz
579,10.6,2.2,18.0,40.0,0.9976,3.14,0.51,9.8,6,Momento
580,12.3,2.2,5.0,14.0,1.0002,3.19,0.44,9.6,5,Momento
581,12.3,2.2,5.0,14.0,1.0002,3.19,0.44,9.6,5,Momento
583,12.0,1.9,10.0,21.0,0.9976,2.98,0.66,9.9,7,Momento
587,7.3,1.9,18.0,102.0,0.9967,3.26,0.59,9.3,5,Raiz
588,5.0,2.0,19.0,50.0,0.9917,3.72,0.74,14.0,8,Grande Século
590,9.0,2.6,21.0,75.0,0.9987,3.35,0.57,9.7,5,Raiz
591,6.6,1.7,23.0,149.0,0.9922,3.12,0.5,11.5,6,Grande Século
592,9.0,2.6,21.0,75.0,0.9987,3.35,0.57,9.7,5,Raiz
593,9.9,3.5,9.0,43.0,1.0004,3.29,0.58,9.0,5,Momento
595,8.9,7.9,30.0,109.0,0.9998,3.27,0.57,9.3,5,Momento
596,12.4,2.0,6.0,24.0,0.9994,3.04,0.6,9.3,6,Momento
598,8.5,2.1,5.0,30.0,0.9967,3.2,0.48,9.8,6,Raiz
602,7.7,2.6,6.0,14.0,0.9975,3.3,0.52,9.3,5,Raiz
604,8.3,2.9,14.0,63.0,0.9984,3.17,0.62,9.1,6,Raiz
607,8.8,3.3,26.0,52.0,0.9982,3.31,0.53,10.5,6,Momento
608,10.1,5.1,11.0,65.0,1.0026,3.32,0.64,10.4,6,Momento
609,6.3,3.2,15.0,39.0,0.9956,3.56,0.52,12.7,6,Grande Século
610,8.8,2.5,25.0,57.0,0.9983,3.39,0.54,9.2,5,Raiz
611,13.2,2.7,5.0,16.0,1.0006,2.98,0.54,9.4,5,Momento
612,7.5,2.4,18.0,29.0,0.9965,3.32,0.6,10.0,6,Raiz
616,9.6,2.3,28.0,71.0,0.9997,3.5,0.57,9.7,5,Momento
617,11.5,2.2,14.0,28.0,0.9982,3.03,0.93,9.8,6,Momento
619,11.3,2.3,6.0,16.0,0.9988,3.09,0.8,9.3,5,Momento
620,8.3,3.4,16.0,112.0,0.9976,3.27,0.61,9.4,5,Raiz
621,8.2,3.4,14.0,104.0,0.9976,3.28,0.62,9.4,5,Raiz
622,10.0,1.9,9.0,32.0,0.9974,3.13,0.55,9.5,5,Raiz
625,6.8,5.6,21.0,58.0,0.9997,3.46,0.72,10.2,5,Momento
626,8.8,2.2,5.0,15.0,0.9988,3.36,0.49,9.1,5,Raiz
627,8.8,2.2,5.0,15.0,0.9988,3.36,0.49,9.1,5,Raiz
628,8.7,2.5,7.0,31.0,0.9976,3.27,0.6,9.3,6,Raiz
629,7.6,2.3,20.0,84.0,0.9964,3.21,0.61,9.3,5,Raiz
630,8.7,2.5,7.0,31.0,0.9976,3.27,0.6,9.3,6,Raiz
631,10.4,2.7,5.0,19.0,0.9988,3.25,0.63,9.5,5,Momento
632,7.6,3.0,21.0,43.0,0.9964,3.32,0.57,10.5,6,Raiz
633,10.1,3.4,11.0,86.0,1.001,3.43,0.64,11.3,4,Momento
634,7.9,1.9,46.0,102.0,0.9964,3.27,0.58,9.5,5,Raiz
635,8.7,1.4,24.0,33.0,0.9954,3.27,0.55,9.7,5,Raiz
636,9.6,2.4,30.0,147.0,0.9979,3.24,0.53,9.4,5,Raiz
637,9.5,2.3,31.0,145.0,0.9978,3.24,0.53,9.4,5,Raiz
639,8.9,1.9,25.0,57.0,0.997,3.18,1.36,10.3,6,Raiz
640,9.9,2.3,16.0,40.0,0.9991,3.39,0.62,9.4,5,Momento
642,9.9,2.3,16.0,40.0,0.9991,3.39,0.62,9.4,5,Momento
644,9.9,2.3,16.0,40.0,0.9991,3.39,0.62,9.4,5,Momento
647,8.3,2.2,5.0,14.0,0.9967,3.32,0.58,11.0,4,Raiz
648,8.7,2.8,10.0,28.0,0.9964,3.33,0.67,11.2,7,Grande Século
649,6.7,8.6,24.0,148.0,0.9948,3.16,0.57,11.3,6,Grande Século
650,10.7,2.2,8.0,32.0,0.9986,2.89,0.5,9.6,5,Momento
652,15.9,7.5,22.0,71.0,0.9976,2.98,0.84,14.9,5,Momento
653,9.4,2.8,9.0,30.0,0.9976,3.12,0.54,12.0,6,Momento
654,8.6,2.4,7.0,29.0,0.9979,3.08,0.46,9.5,5,Raiz
655,9.7,2.9,20.0,53.0,1.0004,3.14,0.61,9.4,5,Momento
656,10.7,2.2,8.0,32.0,0.9986,2.89,0.5,9.6,5,Momento
657,12.0,1.4,23.0,42.0,0.998,2.92,0.68,10.5,7,Momento
658,7.2,1.4,5.0,20.0,0.9973,3.32,0.81,9.6,6,Raiz
660,7.2,1.4,5.0,20.0,0.9973,3.32,0.81,9.6,6,Raiz
661,7.5,1.6,15.0,42.0,0.9978,3.31,0.64,9.0,5,Raiz
662,7.2,1.6,9.0,27.0,0.9972,3.36,0.7,9.6,6,Raiz
665,9.4,2.0,25.0,48.0,0.9981,3.14,0.56,9.7,5,Raiz
666,8.3,1.8,6.0,16.0,0.998,3.18,0.6,9.5,6,Raiz
667,11.3,2.0,6.0,15.0,0.9988,2.94,0.66,9.2,6,Momento
669,11.3,2.0,6.0,15.0,0.9988,2.94,0.66,9.2,6,Momento
671,8.2,1.7,5.0,13.0,0.9968,3.2,0.52,9.5,5,Raiz
673,8.2,1.7,5.0,13.0,0.9968,3.2,0.52,9.5,5,Raiz
676,10.8,2.2,7.0,17.0,0.9984,3.08,0.67,9.3,6,Momento
677,8.6,2.3,12.0,31.0,0.9979,3.4,0.48,9.9,5,Raiz
678,8.3,2.6,45.0,87.0,0.9983,3.48,0.53,10.0,5,Raiz
679,10.8,3.3,20.0,49.0,0.9972,3.13,0.54,9.6,5,Momento
681,8.0,2.2,16.0,29.0,0.9962,3.21,0.49,10.2,6,Raiz
682,8.5,2.25,32.0,58.0,0.998,3.33,0.54,9.8,5,Raiz
683,8.1,2.6,5.0,15.0,0.997,3.37,0.56,11.3,5,Grande Século
684,9.8,2.3,35.0,152.0,0.998,3.25,0.48,9.4,5,Raiz
685,8.1,2.6,5.0,15.0,0.997,3.37,0.56,11.3,5,Grande Século
688,7.7,1.6,4.0,9.0,0.9962,3.4,0.47,9.4,5,Raiz
689,8.1,1.8,5.0,17.0,0.9976,3.3,1.05,9.4,5,Raiz
691,9.2,2.6,12.0,93.0,0.9998,3.48,0.54,9.8,5,Momento
692,8.6,2.0,16.0,62.0,0.9979,3.03,1.17,9.0,5,Raiz
693,9.0,2.8,21.0,122.0,0.9984,3.32,0.62,9.4,5,Raiz
694,9.0,2.7,24.0,125.0,0.9984,3.31,0.61,9.4,5,Raiz
695,5.1,1.3,18.0,44.0,0.9921,3.9,0.62,12.8,6,Grande Século
697,7.0,2.1,8.0,25.0,0.9972,3.47,0.67,9.5,6,Raiz
698,9.4,3.2,18.0,72.0,1.0001,3.31,0.53,9.7,5,Momento
699,11.8,2.1,5.0,19.0,0.9986,3.11,0.62,10.8,6,Momento
700,10.6,2.9,26.0,88.0,0.9984,3.08,0.57,10.1,6,Momento
701,7.0,2.1,8.0,25.0,0.9972,3.47,0.67,9.5,6,Raiz
702,7.0,2.1,9.0,23.0,0.997,3.47,0.67,9.4,6,Raiz
703,7.5,2.6,22.0,84.0,0.9972,3.32,0.7,9.6,4,Raiz
704,9.1,1.6,4.0,14.0,0.998,3.29,0.54,9.7,4,Raiz
705,8.4,6.0,11.0,54.0,0.999,3.37,0.49,9.9,5,Momento
706,7.0,2.0,10.0,19.0,0.9956,3.4,0.47,10.0,5,Raiz
707,7.4,3.0,16.0,37.0,0.9966,3.37,0.51,10.5,5,Raiz
708,7.8,2.5,11.0,35.0,0.996,3.34,0.61,11.6,6,Grande Século
710,10.6,2.8,21.0,84.0,0.9985,3.06,0.57,10.1,5,Momento
711,8.9,3.0,16.0,112.0,0.9998,3.38,0.61,9.5,5,Momento
714,9.9,2.6,21.0,77.0,0.998,3.28,0.51,9.8,5,Momento
717,7.6,2.6,12.0,49.0,0.9968,3.21,0.57,10.0,5,Raiz
718,8.4,2.0,10.0,22.0,0.9976,3.22,0.44,9.6,5,Raiz
719,7.1,3.9,17.0,45.0,0.9976,3.46,0.54,9.5,5,Raiz
720,8.4,2.0,10.0,22.0,0.9976,3.22,0.44,9.6,5,Raiz
721,8.9,2.85,35.0,106.0,0.9982,3.1,0.53,9.2,5,Raiz
723,7.1,2.2,36.0,127.0,0.9965,2.94,1.62,9.5,5,Raiz
725,9.0,3.0,5.0,13.0,0.9976,3.29,0.55,10.4,5,Raiz
726,8.1,2.8,18.0,49.0,0.9994,3.43,0.72,11.1,6,Momento
727,6.4,1.8,4.0,11.0,0.997,3.46,0.68,9.5,5,Raiz
728,6.4,1.8,4.0,11.0,0.997,3.46,0.68,9.5,5,Raiz
729,6.4,3.2,27.0,58.0,0.995,3.61,0.49,12.7,6,Grande Século
730,9.5,2.3,12.0,37.0,0.9982,3.17,0.67,9.6,5,Raiz
731,8.9,3.45,4.0,14.0,0.9994,3.44,0.52,11.5,5,Momento
732,7.3,2.1,10.0,19.0,0.9966,3.39,0.47,9.6,5,Raiz
733,7.0,2.7,16.0,72.0,0.998,3.55,0.6,9.5,5,Raiz
734,7.7,2.0,9.0,39.0,0.9987,3.48,0.62,9.3,5,Raiz
736,7.7,2.1,11.0,22.0,0.9963,3.26,0.5,9.5,5,Raiz
737,8.2,2.5,19.0,58.0,1.0002,3.5,0.65,9.3,6,Raiz
739,9.0,2.4,19.0,38.0,0.999,3.35,0.6,9.3,5,Raiz
740,8.3,4.2,12.0,16.0,0.9965,3.45,0.68,11.5,6,Grande Século
741,9.2,2.6,28.0,139.0,0.99788,3.21,0.57,9.5,5,Raiz
744,11.1,2.7,21.0,101.0,1.0001,3.13,0.51,9.5,5,Momento
745,7.3,2.1,12.0,28.0,0.99768,3.52,0.73,9.5,6,Raiz
746,8.2,2.5,12.0,57.0,0.9978,3.3,0.47,9.0,6,Raiz
748,7.2,2.1,12.0,31.0,0.99761,3.52,0.72,9.6,6,Raiz
749,7.3,2.1,12.0,28.0,0.99768,3.52,0.73,9.5,6,Raiz
750,8.3,2.9,17.0,40.0,0.99803,3.29,0.55,9.5,5,Raiz
752,7.6,2.5,24.0,66.0,0.99785,3.39,0.61,9.4,5,Raiz
753,8.3,2.9,17.0,40.0,0.99803,3.29,0.55,9.5,5,Raiz
754,7.8,1.7,14.0,32.0,0.99656,3.09,1.06,9.1,6,Raiz
755,7.8,1.9,22.0,47.0,0.99525,3.51,0.43,10.7,6,Grande Século
756,6.3,2.0,15.0,33.0,0.99488,3.6,0.46,11.2,6,Grande Século
757,8.1,2.2,10.0,31.0,0.99656,3.25,0.5,9.8,5,Raiz
758,8.1,2.2,10.0,31.0,0.99656,3.25,0.5,9.8,5,Raiz
759,8.8,2.5,33.0,88.0,0.99823,3.19,0.52,9.2,5,Raiz
760,9.0,2.8,9.0,104.0,0.99779,3.23,0.57,9.7,5,Raiz
761,9.3,2.0,5.0,35.0,0.99738,3.25,0.42,9.6,5,Raiz
762,8.8,1.7,8.0,19.0,0.99701,3.31,0.53,10.0,6,Raiz
764,9.1,2.8,11.0,44.0,0.99888,3.31,0.55,9.5,6,Momento
765,9.2,3.0,12.0,48.0,0.99888,3.31,0.54,9.5,6,Momento
766,8.8,2.9,12.0,74.0,0.99738,3.14,0.54,9.4,5,Raiz
768,7.1,2.3,24.0,94.0,0.99744,3.55,0.53,9.7,6,Raiz
769,7.9,1.9,7.0,32.0,0.99668,3.39,0.54,9.6,5,Raiz
770,7.1,2.3,24.0,94.0,0.99744,3.55,0.53,9.7,6,Raiz
771,9.4,2.4,23.0,143.0,0.9978,3.28,0.55,9.4,5,Raiz
772,9.5,2.3,23.0,144.0,0.99782,3.27,0.55,9.4,5,Raiz
773,7.9,1.8,1.0,44.0,0.9973,3.3,0.92,9.5,6,Raiz
775,7.2,3.0,7.0,16.0,0.99586,3.43,0.46,10.0,5,Raiz
777,6.9,2.4,6.0,18.0,0.9961,3.4,0.59,10.3,6,Raiz
778,8.3,3.4,7.0,34.0,0.99788,3.36,0.61,10.5,5,Raiz
779,7.1,2.6,21.0,92.0,0.99745,3.5,0.6,9.8,5,Raiz
780,7.0,2.0,12.0,45.0,0.99676,3.31,0.6,9.4,6,Raiz
781,6.5,2.4,9.0,37.0,0.99732,3.66,0.65,9.8,5,Raiz
784,7.1,2.5,20.0,85.0,0.99746,3.55,0.59,9.8,5,Raiz
785,9.9,2.3,11.0,61.0,0.9982,3.21,0.5,9.5,5,Momento
787,10.0,2.2,19.0,58.0,0.9991,3.18,0.56,10.1,6,Momento
788,10.0,2.2,19.0,58.0,0.9991,3.18,0.56,10.1,6,Momento
789,8.6,2.9,21.0,119.0,0.998,3.09,0.52,9.3,5,Raiz
790,7.4,2.6,18.0,82.0,0.99708,3.33,0.68,9.7,6,Raiz
791,8.8,2.9,25.0,130.0,0.99818,3.23,0.54,9.6,5,Raiz
792,7.1,2.5,17.0,87.0,0.99745,3.48,0.6,9.7,6,Raiz
793,7.7,2.6,7.0,13.0,0.99639,3.38,0.56,10.8,5,Raiz
794,10.1,2.3,7.0,26.0,0.99531,3.17,0.53,12.5,6,Grande Século
795,10.8,2.6,7.0,60.0,0.99786,2.99,1.18,10.2,5,Momento
796,8.7,2.5,24.0,64.0,0.99746,3.1,0.74,9.6,5,Raiz
797,9.3,1.6,21.0,42.0,0.99526,3.24,0.81,10.8,7,Raiz
799,9.4,3.6,5.0,14.0,0.9987,3.29,0.52,10.7,6,Momento
801,8.6,3.3,8.0,17.0,0.99735,3.23,0.44,10.0,5,Raiz
802,5.1,1.7,14.0,86.0,0.99264,3.56,0.94,12.9,7,Grande Século
803,7.7,2.5,14.0,46.0,0.9971,3.24,0.66,9.6,6,Raiz
804,8.4,2.7,4.0,18.0,0.99682,3.26,0.57,9.9,6,Raiz
806,8.4,2.0,4.0,10.0,0.99386,3.27,0.71,12.5,7,Grande Século
808,7.4,1.9,4.0,12.0,0.99702,3.26,0.86,9.2,5,Raiz
809,7.6,2.8,4.0,15.0,0.99693,3.22,0.55,10.3,6,Raiz
810,7.3,2.6,4.0,14.0,0.99562,3.3,0.47,10.5,5,Raiz
811,12.9,2.8,7.0,24.0,1.00012,3.09,0.68,10.9,6,Momento
813,6.9,2.1,4.0,7.0,0.99462,3.44,0.58,11.4,4,Grande Século
814,12.6,2.8,19.0,41.0,0.99939,3.21,0.76,11.3,6,Momento
819,9.1,3.2,9.0,59.0,0.99976,3.28,0.54,9.6,5,Momento
820,7.0,1.9,9.0,22.0,0.99606,3.34,0.6,9.7,5,Raiz
821,4.9,2.1,16.0,42.0,0.99154,3.71,0.74,14.0,7,Grande Século
823,6.7,2.0,15.0,36.0,0.9973,3.61,0.64,9.8,5,Raiz
824,7.1,2.8,6.0,16.0,0.99682,3.24,0.53,10.3,5,Raiz
826,7.5,2.3,4.0,8.0,0.9951,3.4,0.64,11.0,7,Grande Século
827,7.1,2.8,15.0,37.0,0.99624,3.36,0.49,10.7,5,Raiz
830,7.5,2.5,5.0,9.0,0.99632,3.38,0.55,10.9,4,Raiz
831,5.9,2.1,16.0,24.0,0.99376,3.56,0.77,11.1,6,Grande Século
833,11.6,1.6,36.0,51.0,0.99836,3.38,0.86,9.9,4,Momento
836,6.7,2.4,36.0,100.0,0.99064,3.26,0.39,11.7,7,Grande Século
837,6.7,2.4,36.0,100.0,0.99064,3.26,0.39,11.7,7,Grande Século
838,10.1,1.6,9.0,28.0,0.99672,3.24,0.83,11.2,7,Raiz
841,6.6,3.0,21.0,31.0,0.99629,3.45,0.63,10.3,5,Raiz
842,10.6,2.6,34.0,68.0,0.99708,3.23,0.72,10.9,6,Momento
843,7.1,2.0,9.0,92.0,0.9963,3.28,0.62,9.4,5,Raiz
846,6.4,1.8,14.0,31.0,0.99689,3.59,0.66,9.8,5,Raiz
847,7.4,1.8,12.0,39.0,0.9977,3.5,0.7,9.9,6,Raiz
848,6.4,1.8,14.0,31.0,0.99689,3.59,0.66,9.8,5,Raiz
850,9.3,1.9,9.0,22.0,0.99708,3.28,0.55,9.5,5,Raiz
851,9.3,1.9,9.0,22.0,0.99708,3.28,0.55,9.5,5,Raiz
853,9.3,1.5,41.0,55.0,0.99652,3.47,0.73,10.9,6,Raiz
854,9.3,1.5,41.0,55.0,0.99652,3.47,0.73,10.9,6,Raiz
856,9.3,1.5,41.0,55.0,0.99652,3.47,0.73,10.9,6,Raiz
857,8.2,2.5,16.0,47.0,0.99594,3.4,0.78,11.3,7,Grande Século
858,11.7,1.7,17.0,32.0,0.99686,3.15,0.67,10.6,7,Momento
860,7.2,2.7,15.0,85.0,0.99746,3.51,0.54,9.5,5,Raiz
862,7.5,2.7,7.0,25.0,0.99628,3.24,0.44,10.4,5,Raiz
863,7.2,2.5,17.0,84.0,0.99746,3.51,0.53,9.7,5,Raiz
865,7.2,2.6,16.0,86.0,0.99748,3.51,0.54,9.7,5,Raiz
871,6.9,1.5,36.0,46.0,0.99522,3.53,0.57,10.6,5,Raiz
872,7.3,2.0,28.0,48.0,0.99576,3.43,0.54,10.0,4,Raiz
875,8.8,2.8,7.0,16.0,0.99614,3.31,0.79,11.8,7,Grande Século
877,7.7,2.1,31.0,43.0,0.99371,3.41,0.57,11.8,6,Grande Século
881,7.6,2.1,30.0,35.0,0.99533,3.48,0.65,11.4,6,Grande Século
882,8.4,3.1,14.0,26.0,0.99536,3.22,0.78,12.0,6,Grande Século
884,8.8,4.0,30.0,69.0,0.99787,3.22,0.5,10.0,6,Momento
885,8.9,2.5,9.0,30.0,0.99824,3.34,0.64,10.5,5,Raiz
886,9.0,2.4,8.0,28.0,0.99836,3.33,0.65,10.4,6,Raiz
888,6.8,2.5,32.0,64.0,0.99491,3.43,0.56,11.2,6,Grande Século
889,10.7,6.6,23.0,99.0,1.00289,3.22,0.68,9.3,5,Momento
891,7.2,2.3,16.0,86.0,0.99743,3.53,0.57,9.7,5,Raiz
892,10.1,1.9,10.0,18.0,0.99774,3.22,0.65,9.3,6,Raiz
893,7.2,2.3,16.0,86.0,0.99743,3.53,0.57,9.7,5,Raiz
894,7.2,2.2,17.0,88.0,0.99745,3.53,0.58,9.8,6,Raiz
895,7.1,2.3,27.0,43.0,0.9955,3.42,0.58,10.7,6,Grande Século
896,8.3,2.4,17.0,43.0,0.99444,3.31,0.77,12.5,7,Grande Século
897,7.1,2.3,27.0,43.0,0.9955,3.42,0.58,10.7,6,Grande Século
898,8.3,2.4,17.0,43.0,0.99444,3.31,0.77,12.5,7,Grande Século
900,8.9,2.6,10.0,39.0,0.99562,3.4,0.69,11.8,5,Grande Século
901,7.4,2.4,16.0,33.0,0.99736,3.58,0.69,10.8,7,Raiz
902,7.4,2.4,16.0,33.0,0.99736,3.58,0.69,10.8,7,Raiz
904,6.8,6.0,11.0,18.0,0.9962,3.41,0.59,10.8,7,Grande Século
906,7.2,2.6,12.0,78.0,0.9964,3.39,0.71,11.0,5,Grande Século
907,6.1,2.2,6.0,9.0,0.9948,3.59,0.54,11.5,6,Grande Século
908,7.4,2.4,34.0,61.0,0.99528,3.43,0.59,10.8,6,Grande Século
910,9.3,3.8,3.0,11.0,0.99577,3.23,0.57,13.2,6,Grande Século
911,9.1,9.0,3.0,9.0,0.99901,3.18,0.6,10.9,6,Momento
912,10.0,2.9,4.0,8.0,0.99674,3.33,0.62,12.2,6,Grande Século
915,8.6,2.2,3.0,6.0,0.99512,3.27,0.67,11.9,6,Grande Século
916,5.3,1.5,7.0,62.0,0.99395,3.62,0.61,11.0,5,Grande Século
917,6.8,8.8,26.0,45.0,0.99824,3.38,0.64,10.1,6,Momento
918,8.4,2.2,32.0,79.0,0.9964,3.3,0.72,11.0,6,Raiz
919,8.4,1.8,38.0,46.0,0.99504,3.38,0.89,11.8,6,Grande Século
920,9.6,2.3,10.0,23.0,0.99786,3.24,0.56,10.5,5,Momento
922,8.4,1.8,38.0,46.0,0.99504,3.38,0.89,11.8,6,Grande Século
924,8.6,2.3,14.0,28.0,0.99516,3.18,0.8,11.2,5,Grande Século
925,8.6,1.9,53.0,77.0,0.99604,3.47,0.87,11.0,7,Raiz
926,9.4,2.3,52.0,73.0,0.99786,3.47,0.9,10.2,6,Raiz
927,8.4,2.2,11.0,75.0,0.99736,3.2,0.59,9.2,4,Raiz
928,8.6,2.3,14.0,28.0,0.99516,3.18,0.8,11.2,5,Grande Século
929,8.7,3.3,10.0,19.0,0.99468,3.3,0.73,12.0,7,Grande Século
931,7.4,2.0,13.0,38.0,0.99748,3.48,0.65,9.8,5,Raiz
932,7.6,1.9,29.0,66.0,0.9971,3.45,0.59,9.5,6,Raiz
934,6.6,1.9,8.0,25.0,0.99746,3.69,0.73,10.5,5,Raiz
936,8.8,2.3,19.0,72.0,0.99543,3.39,0.72,11.8,6,Grande Século
939,6.2,1.6,7.0,11.0,0.99425,3.61,0.54,11.4,5,Grande Século
941,9.9,5.0,9.0,17.0,0.99484,3.19,0.52,12.5,7,Grande Século
942,10.1,2.6,13.0,52.0,0.99834,3.22,0.64,10.0,7,Momento
944,8.3,3.8,11.0,24.0,0.99498,3.27,0.64,12.1,7,Grande Século
946,10.2,4.1,11.0,24.0,0.99745,3.29,0.99,12.0,7,Momento
947,8.3,2.1,6.0,12.0,0.99408,3.26,0.62,12.4,7,Grande Século
949,8.9,1.8,10.0,21.0,0.99552,3.41,0.76,11.9,7,Grande Século
950,8.9,1.8,10.0,21.0,0.99552,3.41,0.76,11.9,7,Grande Século
951,8.3,2.1,6.0,12.0,0.99408,3.26,0.62,12.4,7,Grande Século
952,8.2,2.2,6.0,10.0,0.99536,3.31,0.68,11.2,7,Grande Século
953,10.2,2.1,5.0,9.0,0.99458,3.2,0.69,12.1,7,Grande Século
955,8.5,1.9,9.0,23.0,0.99648,3.36,0.67,10.4,5,Raiz
956,9.0,2.1,5.0,10.0,0.99568,3.31,0.62,11.3,6,Grande Século
958,6.4,2.3,25.0,36.0,0.99519,3.47,0.71,11.3,7,Grande Século
960,8.5,1.9,18.0,38.0,0.99518,3.16,0.85,11.1,6,Grande Século
961,7.1,1.6,7.0,18.0,0.99592,3.27,0.62,9.3,5,Raiz
962,6.6,2.1,6.0,16.0,0.99654,3.38,0.69,9.5,5,Raiz
964,8.5,1.9,18.0,38.0,0.99518,3.16,0.85,11.1,6,Grande Século
967,8.5,2.1,23.0,113.0,0.99733,3.13,0.48,9.2,5,Raiz
968,9.0,2.4,29.0,46.0,0.9943,3.2,0.6,12.2,6,Grande Século
971,10.4,1.9,6.0,10.0,0.99724,3.33,0.87,10.9,6,Momento
974,8.8,5.9,7.0,13.0,0.99658,3.3,0.62,12.1,7,Grande Século
975,7.2,2.1,35.0,72.0,0.997,3.44,0.52,9.4,5,Raiz
977,8.4,2.6,31.0,119.0,0.99801,3.15,0.5,9.1,5,Raiz
978,7.0,3.6,9.0,29.0,0.99416,3.28,0.49,11.3,7,Grande Século
980,9.1,1.9,8.0,17.0,0.99774,3.32,0.71,10.5,6,Raiz
981,9.5,1.9,13.0,28.0,0.99712,3.25,0.62,10.0,5,Raiz
982,7.3,2.1,51.0,70.0,0.99418,3.34,0.82,12.9,6,Grande Século
983,9.1,1.9,8.0,17.0,0.99774,3.32,0.71,10.5,6,Raiz
985,7.4,2.0,7.0,11.0,0.99562,3.45,0.58,11.3,6,Grande Século
987,7.1,1.6,35.0,70.0,0.99693,3.44,0.5,9.4,5,Raiz
988,7.7,1.7,19.0,27.0,0.99596,3.16,0.49,9.4,5,Raiz
989,9.7,1.5,14.0,21.0,0.99556,3.14,0.51,10.9,6,Raiz
990,7.7,1.7,19.0,27.0,0.99596,3.16,0.49,9.4,5,Raiz
991,7.1,2.0,31.0,68.0,0.99694,3.45,0.48,9.4,5,Raiz
993,7.1,2.0,31.0,68.0,0.99694,3.45,0.48,9.4,5,Raiz
995,7.7,2.0,19.0,41.0,0.99697,3.39,0.62,10.1,6,Raiz
998,8.9,1.4,4.0,10.0,0.99554,3.12,0.48,9.1,6,Raiz
999,6.4,1.65,7.0,12.0,0.99162,3.47,0.53,12.9,6,Grande Século
1000,7.5,2.2,6.0,12.0,0.99495,3.44,0.72,11.5,7,Grande Século
1004,8.2,1.6,27.0,45.0,0.99603,3.25,0.54,10.3,5,Raiz
1005,6.8,1.8,4.0,8.0,0.9928,3.36,0.55,12.8,7,Grande Século
1006,9.1,2.05,13.0,27.0,0.99516,3.26,0.84,11.7,7,Grande Século
1007,9.1,2.0,12.0,25.0,0.99516,3.26,0.84,11.7,7,Grande Século
1008,8.9,3.6,12.0,24.0,0.99549,3.23,0.7,12.0,7,Grande Século
1010,8.9,1.7,7.0,12.0,0.99354,3.25,0.55,12.3,7,Grande Século
1011,8.9,2.0,12.0,19.0,0.9957,3.17,0.55,10.4,6,Raiz
1012,7.7,2.1,11.0,32.0,0.99604,3.23,0.48,10.0,5,Raiz
1013,7.5,1.6,22.0,31.0,0.99635,3.38,0.58,10.0,6,Raiz
1014,8.0,2.0,3.0,7.0,0.99454,3.22,0.58,11.2,6,Grande Século
1016,8.9,2.2,12.0,28.0,0.99486,3.27,0.75,12.6,7,Grande Século
1018,8.0,0.9,36.0,109.0,0.99007,2.89,0.44,12.7,6,Grande Século
1019,7.0,1.8,10.0,23.0,0.99636,3.53,0.61,10.4,5,Raiz
1020,11.3,2.4,3.0,8.0,0.99642,3.2,0.53,11.9,6,Momento
1021,11.3,2.4,3.0,8.0,0.99642,3.2,0.53,11.9,6,Momento
1022,7.0,2.1,4.0,9.0,0.99584,3.35,0.54,10.5,5,Raiz
1023,8.2,2.3,3.0,9.0,0.99506,3.27,0.55,12.3,6,Grande Século
1024,7.7,1.8,12.0,18.0,0.99568,3.32,0.56,10.5,7,Raiz
1025,8.6,2.8,17.0,43.0,0.99822,3.33,0.6,10.4,6,Raiz
1026,7.9,1.9,14.0,36.0,0.99364,3.41,0.56,12.6,6,Grande Século
1027,6.4,2.2,28.0,52.0,0.99378,3.49,0.52,11.6,5,Grande Século
1029,7.7,1.8,12.0,18.0,0.99568,3.32,0.56,10.5,7,Raiz
1032,8.1,4.1,5.0,14.0,0.99854,3.36,0.53,9.6,5,Raiz
1034,8.9,2.5,15.0,48.0,0.99739,3.2,0.47,9.7,6,Raiz
1035,10.1,2.4,5.0,17.0,0.99683,3.17,0.65,10.6,7,Momento
1036,7.6,2.5,26.0,35.0,0.99356,3.22,0.59,12.5,7,Grande Século
1038,8.7,6.2,25.0,42.0,0.9953,3.24,0.77,12.6,7,Grande Século
1039,8.9,2.2,21.0,39.0,0.99692,3.33,0.83,11.1,6,Raiz
1041,6.9,1.7,13.0,26.0,0.99547,3.38,0.64,9.8,6,Raiz
1044,6.4,3.3,12.0,53.0,0.99294,3.36,0.62,12.2,6,Grande Século
1045,6.9,1.4,32.0,38.0,0.99438,3.32,0.58,11.4,6,Grande Século
1046,7.6,1.7,33.0,45.0,0.99612,3.31,0.62,10.7,6,Raiz
1047,7.1,1.8,27.0,51.0,0.99634,3.49,0.64,10.4,5,Raiz
1048,9.3,1.7,3.0,14.0,0.99702,3.27,0.78,10.9,6,Raiz
1049,9.3,1.8,6.0,17.0,0.99704,3.27,0.77,10.8,6,Raiz
1051,8.5,1.4,16.0,45.0,0.99702,3.03,1.34,9.2,5,Raiz
1052,5.6,2.4,19.0,25.0,0.99258,3.56,0.55,12.9,5,Grande Século
1053,8.3,2.3,9.0,20.0,0.99426,3.38,0.77,12.7,7,Grande Século
1055,8.2,2.0,5.0,77.0,0.99747,3.13,0.62,9.1,6,Raiz
1056,8.9,4.0,3.0,10.0,0.99586,3.21,0.59,12.1,7,Grande Século
1057,7.6,3.9,28.0,90.0,0.99784,3.15,0.57,9.1,5,Raiz
1058,9.9,2.4,30.0,52.0,0.9971,3.19,0.76,11.6,7,Momento
1059,8.9,4.0,3.0,10.0,0.99586,3.21,0.59,12.1,7,Grande Século
1060,11.6,1.8,3.0,8.0,0.9981,3.14,0.7,9.9,6,Momento
1061,9.1,1.8,7.0,16.0,0.99462,3.21,0.69,12.5,8,Grande Século
1062,8.0,1.9,6.0,15.0,0.9956,3.3,0.64,11.4,6,Grande Século
1063,10.2,2.4,6.0,17.0,0.99565,3.22,0.63,11.8,6,Grande Século
1064,8.2,2.0,5.0,10.0,0.99418,3.28,0.57,11.8,6,Grande Século
1065,7.7,2.4,6.0,20.0,0.9963,3.29,0.6,10.2,6,Raiz
1066,6.6,2.4,13.0,26.0,0.99358,3.4,0.72,12.5,7,Grande Século
1067,11.1,2.2,3.0,10.0,0.99572,3.02,0.83,10.9,7,Momento
1069,8.0,2.8,28.0,52.0,0.997,3.31,0.62,10.8,5,Raiz
1070,9.3,1.5,19.0,37.0,0.99498,3.18,0.89,11.1,7,Grande Século
1071,7.5,8.1,30.0,92.0,0.99892,3.2,0.58,9.2,5,Momento
1073,8.0,2.7,16.0,37.0,0.9972,3.31,0.58,10.7,6,Raiz
1076,9.9,2.0,3.0,8.0,0.99534,3.15,0.73,11.4,6,Grande Século
1078,8.6,6.4,3.0,8.0,0.99817,3.27,0.58,11.0,5,Momento
1079,7.9,8.3,37.5,278.0,0.99316,3.01,0.51,12.3,7,Grande Século
1081,7.9,8.3,37.5,289.0,0.99316,3.01,0.51,12.3,7,Grande Século
1082,7.2,1.8,31.0,70.0,0.99685,3.42,0.59,9.5,6,Raiz
1083,8.7,2.4,32.0,59.0,0.99617,3.33,0.77,12.0,6,Grande Século
1085,6.8,1.8,40.0,64.0,0.99529,3.12,0.49,9.6,5,Raiz
1086,8.5,4.7,3.0,9.0,0.99738,3.38,0.66,11.6,7,Momento
1087,7.9,1.6,18.0,30.0,0.994,3.29,0.69,11.2,6,Grande Século
1088,11.6,1.5,22.0,41.0,0.99735,3.02,0.76,9.9,7,Momento
1089,11.6,1.5,22.0,41.0,0.99735,3.02,0.76,9.9,7,Momento
1090,10.0,1.9,42.0,74.0,0.99451,2.98,0.63,11.8,8,Grande Século
1091,7.9,2.0,8.0,19.0,0.99546,3.35,0.6,11.4,6,Grande Século
1092,7.0,2.0,10.0,16.0,0.99479,3.43,0.59,11.5,6,Grande Século
1093,9.2,2.2,11.0,31.0,0.99615,3.33,0.86,12.0,7,Grande Século
1094,6.6,5.5,9.0,17.0,0.99655,3.35,0.49,10.8,6,Grande Século
1096,6.6,5.5,9.0,17.0,0.99655,3.35,0.49,10.8,6,Grande Século
1099,8.6,1.5,5.0,18.0,0.99666,3.2,0.52,9.4,5,Raiz
1100,8.4,2.1,23.0,36.0,0.99392,3.11,0.78,12.4,6,Grande Século
1101,7.4,2.1,14.0,25.0,0.99388,3.35,0.63,12.0,6,Grande Século
1103,7.4,2.1,14.0,25.0,0.99388,3.35,0.63,12.0,6,Grande Século
1104,8.0,2.2,16.0,25.0,0.9936,3.28,0.66,12.4,6,Grande Século
1105,6.3,2.1,13.0,49.0,0.99374,3.41,0.6,12.8,5,Grande Século
1107,9.1,2.0,10.0,24.0,0.99523,3.27,0.85,11.7,7,Grande Século
1108,8.1,3.3,4.0,13.0,0.99855,3.36,0.49,9.5,5,Raiz
1109,10.8,2.1,27.0,66.0,0.9982,3.17,0.76,10.8,6,Momento
1110,8.3,1.4,6.0,14.0,0.99593,3.25,0.64,10.0,6,Raiz
1111,5.4,2.0,23.0,55.0,0.99471,3.78,0.64,12.3,7,Grande Século
1112,7.9,1.5,6.0,35.0,0.99396,3.29,0.71,11.0,6,Grande Século
1114,5.0,4.3,29.0,80.0,0.9902,3.49,0.66,13.6,6,Grande Século
1115,7.0,2.5,15.0,21.0,0.99572,3.38,0.6,11.3,6,Grande Século
1116,7.0,2.5,15.0,21.0,0.99572,3.38,0.6,11.3,6,Grande Século
1117,7.0,2.5,15.0,21.0,0.99572,3.38,0.6,11.3,6,Grande Século
1118,7.1,2.1,14.0,24.0,0.99252,3.3,0.53,13.3,6,Grande Século
1119,5.6,2.5,7.0,15.0,0.99256,3.52,0.58,12.9,5,Grande Século
1120,7.9,2.5,8.0,17.0,0.99235,3.2,0.72,13.1,8,Grande Século
1122,6.3,1.4,27.0,33.0,0.9922,3.45,0.48,12.3,6,Grande Século
1125,8.8,1.7,13.0,27.0,0.99394,3.14,0.59,11.3,7,Grande Século
1127,6.3,2.9,26.0,52.0,0.99379,3.51,0.6,11.5,6,Grande Século
1128,10.0,2.7,28.0,89.0,0.9984,3.22,0.68,10.0,5,Momento
1130,9.1,1.9,5.0,10.0,0.9977,3.18,0.63,10.4,6,Raiz
1132,7.4,1.8,18.0,38.0,0.9933,3.38,0.88,13.6,7,Grande Século
1133,7.2,5.5,10.0,18.0,0.99684,3.37,0.68,11.2,7,Grande Século
1134,8.5,1.7,6.0,15.0,0.99524,3.3,0.74,11.8,7,Grande Século
1135,8.0,1.7,22.0,50.0,0.9946,3.38,0.6,11.9,6,Grande Século
1136,10.4,2.0,6.0,13.0,0.99774,3.22,0.76,11.4,6,Momento
1138,7.5,3.7,29.0,94.0,0.99786,3.14,0.58,9.1,5,Raiz
1139,8.2,2.0,16.0,86.0,0.99764,3.34,0.64,9.5,6,Raiz
1140,7.3,1.7,33.0,79.0,0.9969,3.41,0.65,9.5,6,Raiz
1141,8.2,2.5,24.0,71.0,0.99624,3.27,0.85,11.0,6,Grande Século
1142,6.9,2.4,6.0,12.0,0.99354,3.3,0.65,11.4,6,Grande Século
1143,7.0,1.8,16.0,20.0,0.99672,3.61,0.82,10.0,6,Raiz
1144,7.3,2.3,35.0,70.0,0.99588,3.43,0.62,10.1,5,Raiz
1145,8.2,2.5,31.0,51.0,0.99672,3.53,0.81,10.4,6,Raiz
1146,7.8,1.8,6.0,21.0,0.996,3.28,0.87,9.8,6,Raiz
1147,10.0,6.2,6.0,14.0,0.99702,3.21,0.49,11.8,7,Momento
1148,7.8,2.0,9.0,21.0,0.99526,3.39,0.66,11.6,6,Grande Século
1149,10.0,2.0,6.0,11.0,0.99585,3.23,0.52,12.0,6,Grande Século
1151,6.1,2.5,16.0,70.0,0.99352,3.46,0.65,12.5,6,Grande Século
1152,8.3,2.2,9.0,38.0,0.99616,3.15,0.53,9.8,5,Raiz
1153,9.6,2.1,17.0,38.0,0.99622,3.23,0.66,11.1,6,Raiz
1155,8.3,2.2,9.0,38.0,0.99616,3.15,0.53,9.8,5,Raiz
1156,8.5,1.75,45.0,88.0,0.99524,3.33,0.76,11.8,7,Grande Século
1157,5.1,2.1,16.0,101.0,0.9924,3.46,0.87,12.9,7,Grande Século
1162,8.5,2.3,12.0,19.0,0.99434,3.14,0.71,11.8,7,Grande Século
1164,9.0,1.7,10.0,21.0,0.99692,3.29,0.67,10.0,5,Raiz
1167,8.2,2.5,29.0,48.0,0.99528,3.32,0.88,12.4,7,Grande Século
1168,6.5,2.8,8.0,44.0,0.99384,3.21,0.56,12.0,6,Grande Século
1169,7.6,2.3,5.0,14.0,0.99502,3.32,0.62,11.5,6,Grande Século
1170,9.2,1.6,5.0,12.0,0.99667,3.2,0.67,10.5,6,Raiz
1172,9.7,2.1,5.0,16.0,0.99649,3.27,0.74,12.3,6,Grande Século
1173,7.6,1.7,26.0,65.0,0.99716,3.46,0.62,9.5,6,Raiz
1174,7.6,1.7,26.0,65.0,0.99716,3.46,0.62,9.5,6,Raiz
1175,6.5,2.2,48.0,59.0,0.99541,3.61,0.7,11.5,6,Grande Século
1176,6.5,5.6,23.0,47.0,0.99572,3.58,0.5,11.2,4,Grande Século
1178,5.6,2.1,17.0,78.0,0.99346,3.68,0.73,11.4,5,Grande Século
1179,8.2,2.4,11.0,47.0,0.99599,3.27,0.81,11.0,6,Grande Século
1181,9.8,1.65,5.0,11.0,0.99478,3.19,0.46,11.4,5,Grande Século
1183,6.8,1.6,16.0,61.0,0.99572,3.29,0.6,9.3,5,Raiz
1184,6.7,2.1,11.0,119.0,0.99538,3.36,0.7,10.9,5,Grande Século
1188,6.7,2.1,11.0,119.0,0.99538,3.36,0.7,10.9,5,Grande Século
1189,8.8,1.8,5.0,19.0,0.99616,3.3,0.44,9.6,4,Raiz
1190,9.1,4.6,6.0,20.0,0.99652,3.28,0.57,12.5,6,Grande Século
1191,6.5,2.3,6.0,12.0,0.99551,3.56,0.51,10.8,5,Grande Século
1192,7.2,2.5,11.0,41.0,0.99439,3.52,0.8,12.4,7,Grande Século
1194,7.0,1.8,15.0,64.0,0.99588,3.22,0.59,9.5,6,Raiz
1195,6.2,1.8,21.0,56.0,0.99633,3.52,0.6,9.5,6,Raiz
1197,7.7,1.5,4.0,9.0,0.99458,3.16,0.54,9.8,6,Raiz
1198,7.7,2.0,19.0,77.0,0.9951,3.15,0.79,10.9,6,Grande Século
1199,7.9,2.3,23.0,94.0,0.99686,3.21,0.58,9.5,6,Raiz
1200,7.7,1.5,4.0,9.0,0.99458,3.16,0.54,9.8,6,Raiz
1201,7.9,1.9,5.0,10.0,0.99419,3.27,0.54,11.2,7,Grande Século
1202,8.6,1.8,6.0,12.0,0.99516,3.35,0.69,11.7,8,Grande Século
1203,9.9,5.8,33.0,76.0,0.99878,3.14,0.55,9.4,5,Momento
1204,7.2,2.1,24.0,44.0,0.99534,3.4,0.85,11.0,7,Grande Século
1206,7.2,2.1,24.0,44.0,0.99534,3.4,0.85,11.0,7,Grande Século
1207,9.9,1.7,24.0,52.0,0.99752,3.35,0.94,10.0,5,Raiz
1208,7.2,2.1,24.0,44.0,0.99534,3.4,0.85,11.0,7,Grande Século
1209,6.2,2.0,14.0,24.0,0.99428,3.45,0.87,11.2,7,Grande Século
1210,6.8,2.1,8.0,15.0,0.99498,3.35,0.62,10.4,6,Raiz
1212,6.8,2.1,8.0,15.0,0.99498,3.35,0.62,10.4,6,Raiz
1214,10.2,1.9,6.0,9.0,0.99628,3.1,0.48,10.4,6,Raiz
1216,7.9,2.0,10.0,79.0,0.99677,3.29,0.69,9.5,6,Raiz
1219,9.0,1.3,25.0,50.0,0.99478,3.2,0.83,10.9,6,Grande Século
1220,10.9,1.8,17.0,44.0,0.99734,3.28,0.77,11.5,6,Momento
1221,10.9,1.8,17.0,44.0,0.99734,3.28,0.77,11.5,6,Momento
1224,12.6,2.5,8.0,20.0,0.9992,3.07,0.82,10.3,6,Momento
1225,9.2,2.6,18.0,77.0,0.99922,3.15,0.51,9.4,5,Momento
1226,7.5,4.1,27.0,46.0,0.99592,3.02,0.47,9.2,5,Raiz
1227,9.0,2.0,8.0,21.0,0.99769,3.27,0.72,9.6,5,Raiz
1228,5.1,1.8,18.0,88.0,0.99157,3.68,0.73,13.6,7,Grande Século
1229,7.6,2.1,19.0,66.0,0.99718,3.4,0.64,9.5,5,Raiz
1230,7.7,2.7,15.0,58.0,0.9947,3.37,0.78,11.8,6,Grande Século
1231,7.8,2.6,48.0,90.0,0.99621,3.38,0.62,10.8,5,Raiz
1232,7.6,2.1,19.0,66.0,0.99718,3.4,0.64,9.5,5,Raiz
1234,7.1,2.2,11.0,18.0,0.99242,3.39,0.4,12.8,6,Grande Século
1236,7.8,1.7,7.0,17.0,0.99659,3.26,0.64,9.4,6,Raiz
1237,7.1,2.2,11.0,18.0,0.99242,3.39,0.4,12.8,6,Grande Século
1238,8.1,2.5,12.0,24.0,0.99798,3.38,0.46,9.6,4,Raiz
1239,6.5,4.3,11.0,20.0,0.99488,3.45,0.56,11.8,4,Grande Século
1240,7.5,1.7,36.0,60.0,0.99494,3.1,0.4,9.3,5,Raiz
1243,8.3,2.4,10.0,86.0,0.9983,3.37,0.62,9.5,5,Raiz
1245,7.4,1.8,15.0,34.0,0.99655,3.49,0.68,10.5,5,Raiz
1246,7.4,1.7,15.0,48.0,0.99502,3.12,0.48,10.0,5,Raiz
1250,7.1,2.3,24.0,37.0,0.99514,3.4,0.61,10.9,6,Grande Século
1251,7.5,2.2,27.0,60.0,0.9963,3.28,0.59,9.8,5,Raiz
1252,7.1,1.8,6.0,14.0,0.99627,3.45,0.58,9.8,5,Raiz
1253,7.9,1.4,6.0,13.0,0.99569,3.43,0.58,9.5,5,Raiz
1254,7.8,1.9,20.0,35.0,0.99628,3.4,0.69,10.9,5,Raiz
1256,7.5,1.8,43.0,60.0,0.99499,3.1,0.42,9.2,5,Raiz
1257,7.0,4.8,12.0,69.0,0.99633,3.32,0.7,11.0,6,Grande Século
1258,6.8,2.7,15.0,33.0,0.99538,3.44,0.63,11.3,6,Grande Século
1260,8.6,1.8,19.0,56.0,0.99632,3.02,1.15,9.3,5,Raiz
1261,6.3,2.0,17.0,24.0,0.99437,3.59,0.55,11.2,4,Grande Século
1262,9.8,2.5,34.0,66.0,0.99726,3.15,0.58,9.8,5,Raiz
1264,8.5,1.8,26.0,51.0,0.99456,3.38,0.72,11.8,6,Grande Século
1265,7.2,2.3,16.0,36.0,0.99564,3.38,0.6,10.3,6,Raiz
1266,7.2,2.3,16.0,36.0,0.99564,3.38,0.6,10.3,6,Raiz
1267,10.4,2.3,13.0,19.0,0.996,3.1,0.87,11.4,6,Grande Século
1268,6.9,2.0,21.0,51.0,0.99668,3.47,0.55,9.5,6,Raiz
1270,5.0,1.6,26.0,60.0,0.99084,3.7,0.75,14.0,6,Grande Século
1271,7.3,1.6,24.0,64.0,0.9935,3.38,0.57,11.7,6,Grande Século
1272,5.9,1.9,25.0,44.0,0.99385,3.5,0.53,11.2,5,Grande Século
1273,7.5,2.0,34.0,44.0,0.99494,3.1,0.43,9.3,5,Raiz
1274,7.8,2.1,17.0,36.0,0.9944,3.24,0.53,11.2,6,Grande Século
1275,8.0,2.3,13.0,81.0,0.99688,3.24,0.54,9.5,6,Raiz
1276,8.5,6.3,3.0,10.0,0.99566,3.28,0.56,12.0,4,Grande Século
1277,7.0,1.9,3.0,10.0,0.99636,3.35,0.6,9.7,6,Raiz
1278,8.0,2.3,13.0,81.0,0.99688,3.24,0.54,9.5,6,Raiz
1279,9.8,1.7,3.0,9.0,0.9948,3.14,0.57,11.5,7,Grande Século
1280,7.1,1.9,28.0,54.0,0.9956,3.37,0.64,10.4,6,Raiz
1281,7.1,1.9,28.0,54.0,0.9956,3.37,0.64,10.4,6,Raiz
1282,7.9,2.0,9.0,22.0,0.99619,3.33,0.68,10.9,6,Raiz
1283,8.7,2.7,17.0,69.0,0.99734,3.26,0.63,10.2,6,Raiz
1284,7.0,2.3,18.0,36.0,0.99476,3.39,0.56,10.9,5,Grande Século
1285,11.3,1.8,20.0,47.0,0.99734,3.15,0.57,10.5,5,Momento
1288,7.0,4.5,20.0,110.0,0.99914,3.3,1.17,10.2,5,Raiz
1289,7.0,4.5,20.0,110.0,0.99914,3.3,1.17,10.2,5,Raiz
1290,7.6,1.9,6.0,12.0,0.99521,3.36,0.59,11.0,5,Grande Século
1291,8.2,2.1,25.0,60.0,0.99638,3.29,0.75,10.9,6,Raiz
1292,5.9,2.4,14.0,28.0,0.99362,3.62,0.67,12.4,6,Grande Século
1296,6.6,4.3,51.0,77.5,0.99558,3.2,0.45,9.5,5,Raiz
1297,7.2,2.1,15.0,29.0,0.99323,3.35,0.61,12.1,6,Grande Século
1298,5.7,1.4,11.0,18.0,0.99191,3.45,0.56,12.2,6,Grande Século
1299,7.6,2.1,5.0,9.0,0.99476,3.5,0.4,10.9,3,Grande Século
1300,5.2,2.15,15.0,28.0,0.99444,3.78,0.61,12.5,6,Grande Século
1301,6.7,2.0,20.0,57.0,0.99598,3.6,0.74,11.7,6,Grande Século
1302,9.1,2.1,4.0,15.0,0.99576,3.3,0.8,11.2,6,Grande Século
1304,7.6,2.3,21.0,68.0,0.9955,3.12,0.44,9.2,5,Raiz
1305,7.5,1.9,24.0,88.0,0.99612,3.3,0.53,9.8,5,Raiz
1306,9.7,2.5,22.0,91.0,0.9979,3.29,0.62,10.1,5,Momento
1309,7.0,1.4,27.0,63.0,0.996,3.28,0.61,9.2,5,Raiz
1311,6.5,3.0,12.0,27.0,0.9929,3.33,0.59,12.8,6,Grande Século
1312,8.0,1.9,14.0,41.0,0.99532,3.34,0.47,10.5,5,Raiz
1315,7.5,2.0,17.0,91.0,0.99616,3.26,0.58,9.8,6,Raiz
1316,5.4,1.2,16.0,46.0,0.99258,4.01,0.59,12.5,6,Grande Século
1319,9.1,1.7,18.0,64.0,0.99652,2.9,1.33,9.1,6,Raiz
1321,5.0,1.2,16.0,46.0,0.99258,4.01,0.59,12.5,6,Grande Século
1322,9.1,1.8,9.0,18.0,0.99392,3.18,0.55,11.4,5,Grande Século
1324,6.7,1.7,18.0,34.0,0.9948,3.39,0.6,10.6,6,Grande Século
1325,6.7,1.7,18.0,34.0,0.9948,3.39,0.6,10.6,6,Grande Século
1326,6.7,1.7,18.0,34.0,0.9948,3.39,0.6,10.6,6,Grande Século
1327,6.7,1.7,18.0,34.0,0.9948,3.39,0.6,10.6,6,Grande Século
1328,6.5,1.8,13.0,38.0,0.9955,3.34,0.52,9.3,5,Raiz
1329,7.4,2.1,17.0,91.0,0.99616,3.29,0.56,9.8,6,Raiz
1330,7.4,2.1,17.0,91.0,0.99616,3.29,0.56,9.8,6,Raiz
1331,7.8,3.8,31.0,67.0,0.99668,3.26,0.46,9.2,5,Raiz
1332,8.4,1.7,6.0,25.0,0.99581,3.09,0.43,9.7,6,Raiz
1333,9.1,2.2,12.0,48.0,0.9976,3.18,0.51,9.6,5,Raiz
1334,7.2,2.0,4.0,11.0,0.99608,3.39,0.52,10.0,5,Raiz
1335,6.6,2.4,19.0,40.0,0.99387,3.38,0.66,12.6,6,Grande Século
1336,6.0,1.4,15.0,26.0,0.99448,3.36,0.45,9.5,5,Raiz
1337,6.0,1.4,15.0,26.0,0.99448,3.36,0.45,9.5,5,Raiz
1338,6.0,1.4,15.0,26.0,0.99448,3.36,0.45,9.5,5,Raiz
1339,7.5,1.7,13.0,31.0,0.99538,3.36,0.54,10.5,6,Raiz
1340,7.5,1.7,13.0,31.0,0.99538,3.36,0.54,10.5,6,Raiz
1341,7.5,1.7,13.0,31.0,0.99538,3.36,0.54,10.5,6,Raiz
1343,7.5,1.7,13.0,31.0,0.99538,3.36,0.54,10.5,6,Raiz
1344,11.5,2.6,8.0,20.0,0.99852,3.09,0.53,11.0,5,Momento
1345,8.2,2.3,10.0,28.0,0.99613,3.25,0.53,10.2,6,Raiz
1346,6.1,2.1,5.0,13.0,0.99472,3.52,0.56,11.4,5,Grande Século
1347,7.2,1.8,7.0,12.0,0.99587,3.34,0.39,9.5,5,Raiz
1351,7.2,2.3,8.0,46.0,0.99332,3.32,0.51,11.8,6,Grande Século
1353,7.6,1.9,14.0,57.0,0.9969,3.37,0.46,10.3,5,Raiz
1355,6.1,1.8,5.0,32.0,0.99464,3.36,0.44,10.1,5,Raiz
1356,6.1,1.8,4.0,28.0,0.99464,3.36,0.44,10.1,5,Raiz
1357,7.3,2.5,27.0,67.0,0.99648,3.6,0.59,11.1,6,Grande Século
1358,7.4,5.4,52.0,98.0,0.99736,3.28,0.5,9.5,5,Raiz
1359,11.6,1.4,6.0,28.0,0.99704,3.07,0.65,10.0333333333333,6,Momento
1361,8.3,2.5,13.0,54.0,0.99724,3.36,0.54,10.1,5,Raiz
1362,11.6,1.4,6.0,28.0,0.99704,3.07,0.65,10.0333333333333,6,Momento
1364,7.2,1.9,10.0,31.0,0.995,3.46,0.53,11.8,6,Grande Século
1366,7.3,1.7,10.0,45.0,0.99576,3.24,0.5,9.8,5,Raiz
1367,6.9,2.2,9.0,105.0,0.99725,3.25,1.18,10.5,6,Raiz
1368,8.0,2.1,16.0,74.0,0.99656,3.27,0.5,9.8,6,Raiz
1370,8.7,1.7,12.0,66.0,0.99623,3.0,1.17,9.2,5,Raiz
1371,7.5,3.1,5.0,14.0,0.99476,3.21,1.03,11.6,6,Grande Século
1372,8.7,1.7,12.0,66.0,0.99623,3.0,1.17,9.2,5,Raiz
1376,8.2,1.4,7.0,31.0,0.9946,3.11,0.46,10.0,5,Raiz
1378,7.2,2.0,10.0,28.0,0.99609,3.29,0.51,9.9,6,Raiz
1379,7.5,2.6,11.0,35.0,0.99557,3.36,0.62,10.8,6,Grande Século
1380,7.5,2.6,11.0,35.0,0.99557,3.36,0.62,10.8,6,Grande Século
1382,8.0,2.1,25.0,105.0,0.99613,3.3,0.49,9.9,5,Raiz
1383,8.0,2.1,25.0,105.0,0.99613,3.3,0.49,9.9,5,Raiz
1384,7.1,1.8,20.0,84.0,0.99593,3.19,0.5,9.5,5,Raiz
1385,8.0,3.4,34.0,85.0,0.99668,3.19,0.42,9.2,5,Raiz
1386,7.4,1.8,8.0,23.0,0.9961,3.3,0.58,9.6,5,Raiz
1388,6.6,6.1,7.0,49.0,0.99718,3.35,0.68,10.3,5,Raiz
1390,6.0,2.3,15.0,33.0,0.99292,3.58,0.59,12.5,6,Grande Século
1391,8.0,2.4,5.0,33.0,0.99612,3.37,0.58,11.0,5,Grande Século
1392,7.1,1.3,5.0,12.0,0.9942,3.17,0.48,9.8,5,Raiz
1393,8.0,2.0,19.0,59.0,0.99612,3.3,0.48,10.2,5,Raiz
1395,8.6,1.6,3.0,12.0,0.99745,3.31,0.65,9.55,6,Raiz
1396,8.7,1.6,4.0,11.0,0.99745,3.31,0.65,9.55,5,Raiz
1397,7.3,2.0,17.0,104.0,0.99584,3.28,0.52,9.9,5,Raiz
1399,7.2,2.2,10.0,24.0,0.9956,3.42,0.72,11.1,6,Grande Século
1400,7.9,2.1,33.0,141.0,0.9962,3.25,0.51,9.9,5,Raiz
1402,7.6,2.0,6.0,24.0,0.9963,3.44,0.82,11.9,6,Grande Século
1403,7.2,1.7,3.0,13.0,0.996,3.23,1.1,10.0,8,Raiz
1404,8.0,2.6,12.0,46.0,0.9985,3.43,0.62,10.7,6,Raiz
1406,8.2,5.1,8.0,22.0,0.9974,3.22,0.94,10.9,6,Momento
1407,6.0,2.1,40.0,54.0,0.995,3.54,0.93,10.7,6,Grande Século
1408,8.1,2.2,35.0,53.0,0.995,3.27,1.01,12.4,7,Grande Século
1409,6.0,2.1,40.0,54.0,0.995,3.54,0.93,10.7,6,Grande Século
1410,6.6,1.8,5.0,16.0,0.9936,3.5,0.44,11.9,6,Grande Século
1411,6.4,2.4,8.0,19.0,0.9963,3.56,0.73,10.6,6,Raiz
1412,8.2,5.1,8.0,22.0,0.9974,3.22,0.94,10.9,6,Momento
1413,9.9,2.0,12.0,89.0,0.9963,3.04,0.9,10.1,5,Raiz
1414,10.0,2.2,3.0,15.0,0.9994,3.2,0.78,9.6,5,Momento
1415,6.2,1.6,8.0,18.0,0.9966,3.56,0.84,9.4,5,Raiz
1416,10.0,2.2,3.0,15.0,0.9994,3.2,0.78,9.6,5,Momento
1417,7.3,2.5,21.0,37.0,0.9952,3.35,0.77,12.1,7,Grande Século
1418,7.8,1.6,3.0,19.0,0.995,3.16,0.46,9.8,5,Raiz
1419,7.7,2.2,32.0,133.0,0.9956,3.27,0.45,9.9,5,Raiz
1420,7.8,1.6,3.0,19.0,0.995,3.16,0.46,9.8,5,Raiz
1421,7.5,1.6,24.0,58.0,0.9965,3.34,0.58,9.4,5,Raiz
1422,7.0,2.1,39.0,55.0,0.9956,3.39,0.84,11.4,6,Grande Século
1423,6.4,3.9,14.0,31.0,0.9968,3.5,0.67,11.0,4,Grande Século
1427,7.6,2.5,6.0,23.0,0.9957,3.3,0.58,11.2,5,Grande Século
1428,7.8,1.9,27.0,55.0,0.9962,3.31,0.63,11.0,5,Grande Século
1429,7.9,2.2,38.0,67.0,0.996,3.33,0.93,11.3,5,Grande Século
1430,7.4,1.8,18.0,47.0,0.9956,3.37,0.62,10.4,5,Raiz
1431,7.6,2.1,13.0,74.0,0.9958,3.26,0.54,9.9,6,Raiz
1433,6.1,1.8,11.0,25.0,0.9955,3.42,0.74,10.1,7,Raiz
1434,10.2,15.4,55.0,95.0,1.00369,3.18,0.77,9.0,6,Momento
1436,10.0,1.6,27.0,90.0,0.99914,3.15,0.65,8.5,5,Raiz
1437,6.8,4.8,15.0,39.0,0.99577,3.53,0.54,11.1,5,Grande Século
1438,7.0,1.7,3.0,8.0,0.996,3.41,0.47,10.3,5,Raiz
1439,7.3,2.2,31.0,92.0,0.99566,3.32,0.68,11.066666666666698,6,Grande Século
1443,6.9,1.75,8.0,22.0,0.99322,3.38,0.49,11.7,5,Grande Século
1445,7.4,5.2,19.0,98.0,0.99713,3.16,0.52,9.6,6,Raiz
1447,6.8,1.9,22.0,39.0,0.99701,3.4,0.74,9.7,5,Raiz
1449,7.2,2.0,15.0,29.0,0.99472,3.23,0.76,11.3,8,Grande Século
1450,7.2,2.0,15.0,28.0,0.9947,3.23,0.73,11.3,7,Grande Século
1451,7.8,2.7,8.0,17.0,0.99732,3.33,0.78,11.0,7,Raiz
1452,6.6,2.0,37.0,53.0,0.99374,3.35,0.76,11.6,7,Grande Século
1454,11.7,2.2,7.0,23.0,0.99974,3.21,0.69,10.9,6,Momento
1455,6.5,1.6,9.0,17.0,0.99467,3.5,0.63,10.9,6,Grande Século
1457,7.6,1.9,27.0,85.0,0.99706,3.41,0.58,9.0,5,Raiz
1458,8.4,1.7,8.0,20.0,0.99603,3.39,0.6,10.5,5,Raiz
1459,7.9,1.7,7.0,15.0,0.99458,3.32,0.8,11.9,7,Grande Século
1460,6.4,2.3,34.0,64.0,0.99724,3.41,0.68,10.4,6,Raiz
1461,6.2,2.1,6.0,13.0,0.99664,3.59,0.61,10.0,4,Raiz
1463,6.9,2.4,14.0,39.0,0.99522,3.34,0.53,10.8,6,Grande Século
1464,6.8,1.7,34.0,53.0,0.9958,3.41,0.67,9.7,5,Raiz
1466,7.3,2.1,31.0,54.0,0.99728,3.3,0.65,10.0,7,Raiz
1467,6.7,2.3,19.0,32.0,0.99648,3.52,0.57,11.0,4,Grande Século
1468,7.3,2.1,31.0,54.0,0.99728,3.3,0.65,10.0,7,Raiz
1469,7.3,2.1,20.0,49.0,0.99705,3.31,0.55,9.7,3,Raiz
1470,10.0,1.4,8.0,24.0,0.99578,2.88,0.47,9.7,5,Raiz
1471,6.7,3.75,8.0,16.0,0.99334,3.43,0.52,12.6,5,Grande Século
1472,7.6,2.6,23.0,44.0,0.99656,3.38,0.79,11.1,6,Grande Século
1473,6.1,1.8,14.0,45.0,0.99336,3.38,0.54,11.0,5,Grande Século
1474,9.9,13.8,48.0,82.0,1.00242,3.16,0.75,8.8,5,Momento
1475,5.3,2.2,16.0,89.0,0.99182,3.54,0.88,13.566666666666698,7,Grande Século
1476,9.9,13.8,48.0,82.0,1.00242,3.16,0.75,8.8,5,Momento
1477,5.3,2.2,16.0,89.0,0.99182,3.54,0.88,13.6,7,Grande Século
1478,7.1,5.7,3.0,14.0,0.99808,3.4,0.52,10.2,3,Raiz
1479,8.2,3.0,10.0,22.0,0.99828,3.39,0.68,10.6,5,Raiz
1480,5.6,1.5,6.0,13.0,0.99498,3.66,0.62,10.1,4,Raiz
1481,8.2,3.0,10.0,22.0,0.99828,3.39,0.68,10.6,5,Raiz
1483,8.1,1.5,6.0,12.0,0.99542,3.35,0.61,10.7,5,Raiz
1485,7.0,2.1,8.0,25.0,0.99606,3.37,0.55,9.7,5,Raiz
1486,6.8,2.1,9.0,23.0,0.99546,3.38,0.6,10.3,5,Raiz
1487,6.0,1.9,9.0,17.0,0.99496,3.52,0.78,10.6,5,Grande Século
1488,5.6,1.7,5.0,13.0,0.9942,3.72,0.58,11.4,5,Grande Século
1490,7.1,1.8,8.0,18.0,0.99344,3.39,0.56,12.4,6,Grande Século
1492,6.2,1.6,6.0,18.0,0.99348,3.57,0.54,11.95,5,Grande Século
1493,7.7,1.9,23.0,147.0,0.99636,3.26,0.59,9.7,5,Raiz
1494,6.4,1.4,15.0,28.0,0.99459,3.42,0.7,10.0,7,Raiz
1495,7.0,1.9,15.0,28.0,0.99492,3.35,0.81,10.6,6,Grande Século
1497,6.9,2.3,7.0,16.0,0.99508,3.45,0.63,11.5,6,Grande Século
1499,6.9,2.3,7.0,16.0,0.99508,3.45,0.63,11.5,6,Grande Século
1501,7.8,4.3,21.0,64.0,0.99642,3.16,0.53,9.4,5,Raiz
1503,6.2,2.5,6.0,14.0,0.99555,3.51,0.69,11.0,6,Grande Século
1504,7.5,2.3,5.0,12.0,0.99605,3.36,0.55,11.4,6,Grande Século
1505,6.7,1.8,6.0,12.0,0.996,3.55,0.63,9.95,3,Raiz
1506,6.8,2.0,6.0,14.0,0.99562,3.51,0.66,10.8,6,Grande Século
1507,7.5,2.3,5.0,12.0,0.99605,3.36,0.55,11.4,6,Grande Século
1508,7.1,2.1,17.0,25.0,0.99814,3.38,0.72,10.6,6,Raiz
1509,7.9,1.8,7.0,20.0,0.9941,3.28,0.7,11.1,5,Grande Século
1510,6.4,2.2,26.0,48.0,0.99661,3.47,0.77,9.7,6,Raiz
1511,7.1,2.1,19.0,27.0,0.99712,3.44,0.67,9.8,5,Raiz
1514,6.9,4.1,16.0,65.0,0.99842,3.53,0.72,9.23333333333333,6,Raiz
1515,6.9,4.1,16.0,65.0,0.99842,3.53,0.72,9.25,6,Raiz
1517,6.5,2.0,29.0,44.0,0.99489,3.38,0.83,10.3,6,Raiz
1518,7.4,2.2,7.0,20.0,0.99647,3.32,0.63,10.5,5,Raiz
1519,6.6,2.6,14.0,27.0,0.99665,3.44,0.58,10.2,5,Raiz
1522,6.1,2.3,23.0,58.0,0.99633,3.42,0.97,10.6,5,Raiz
1523,6.8,2.0,29.0,61.0,0.9953,3.34,0.6,10.4,5,Raiz
1525,6.7,2.1,18.0,34.0,0.99552,3.33,0.64,9.7,5,Raiz
1526,6.8,2.2,18.0,38.0,0.99553,3.3,0.65,9.6,6,Raiz
1528,7.9,2.2,21.0,59.0,0.99714,3.31,0.67,10.1,6,Raiz
1529,7.1,2.1,42.0,52.0,0.99608,3.42,0.6,10.2,6,Raiz
1530,6.6,2.2,9.0,18.0,0.99444,3.42,0.69,11.3,6,Grande Século
1531,6.1,2.8,13.0,28.0,0.99631,3.6,0.66,10.2,5,Raiz
1532,7.2,2.0,18.0,22.0,0.99573,3.21,0.68,9.9,6,Raiz
1533,8.0,1.9,32.0,84.0,0.99717,3.39,0.61,9.0,5,Raiz
1534,6.6,2.4,13.0,29.0,0.99397,3.42,0.62,11.7,7,Grande Século
1535,7.0,2.2,15.0,35.0,0.9959,3.36,0.59,9.7,6,Raiz
1538,6.2,2.5,15.0,26.0,0.99538,3.57,0.63,12.0,5,Grande Século
1540,6.2,4.4,11.0,32.0,0.99646,3.56,0.63,11.6,6,Grande Século
1544,8.4,2.3,12.0,19.0,0.9955,3.17,0.81,11.2,7,Grande Século
1545,6.5,1.8,16.0,28.0,0.99531,3.36,0.64,10.1,6,Raiz
1546,7.0,2.0,17.0,26.0,0.99575,3.36,0.61,10.2,5,Raiz
1548,11.2,2.0,19.0,50.0,0.99783,3.1,0.58,10.4,5,Momento
1549,7.4,1.8,17.0,24.0,0.99419,3.24,0.7,11.4,8,Grande Século
1551,7.1,2.3,18.0,27.0,0.99768,3.44,0.54,9.4,5,Raiz
1552,6.3,3.7,32.0,54.0,0.99586,3.51,0.66,11.3,6,Grande Século
1553,7.3,2.2,18.0,28.0,0.99765,3.41,0.6,9.4,5,Raiz
1555,7.0,1.7,15.0,24.0,0.99514,3.44,0.68,10.55,7,Raiz
1556,6.6,2.2,12.0,20.0,0.99636,3.53,0.56,9.9,5,Raiz
1557,6.6,2.4,15.0,23.0,0.99627,3.54,0.6,11.0,6,Grande Século
1558,6.9,6.7,66.0,115.0,0.99787,3.22,0.56,9.5,5,Raiz
1559,7.8,2.0,31.0,131.0,0.99622,3.21,0.52,9.9,5,Raiz
1560,7.8,2.0,31.0,131.0,0.99622,3.21,0.52,9.9,5,Raiz
1561,7.8,2.0,31.0,131.0,0.99622,3.21,0.52,9.9,5,Raiz
1562,7.2,2.0,12.0,20.0,0.99546,3.29,0.54,10.1,5,Raiz
1563,7.2,2.0,12.0,20.0,0.99546,3.29,0.54,10.1,5,Raiz
1565,6.7,1.9,26.0,42.0,0.99489,3.39,0.82,10.9,6,Grande Século
1566,6.7,2.1,24.0,52.0,0.99494,3.34,0.71,11.2,6,Grande Século
1567,7.2,2.0,12.0,20.0,0.99546,3.29,0.54,10.1,5,Raiz
1568,7.0,1.6,25.0,42.0,0.99629,3.34,0.59,9.2,5,Raiz
1569,6.2,1.9,15.0,34.0,0.99396,3.48,0.57,11.5,6,Grande Século
1570,6.4,2.2,19.0,35.0,0.9934,3.37,0.93,12.4,6,Grande Século
1571,6.4,2.2,15.0,25.0,0.99514,3.44,0.65,11.1,6,Grande Século
1572,7.3,2.2,35.0,104.0,0.99632,3.33,0.51,9.5,5,Raiz
1573,6.0,2.4,15.0,50.0,0.99467,3.58,0.67,12.5,6,Grande Século
1575,7.5,2.2,12.0,20.0,0.99474,3.26,0.64,11.8,6,Grande Século
1576,8.0,1.6,16.0,29.0,0.99588,3.3,0.78,10.8,6,Raiz
1577,6.2,5.1,13.0,27.0,0.99622,3.54,0.6,11.9,6,Grande Século
1578,6.8,1.8,13.0,20.0,0.9954,3.42,0.67,11.3,6,Grande Século
1580,7.4,2.4,9.0,26.0,0.9947,3.36,0.6,11.9,6,Grande Século
1582,6.1,2.6,13.0,27.0,0.99362,3.57,0.5,11.9,5,Grande Século
1583,6.2,2.1,32.0,98.0,0.99578,3.33,0.62,9.8,5,Raiz
1584,6.7,2.4,24.0,34.0,0.99484,3.29,0.8,11.6,7,Grande Século
1586,7.5,2.4,34.0,60.0,0.99492,3.34,0.85,11.4,6,Grande Século
1587,5.8,1.8,18.0,28.0,0.99483,3.55,0.66,10.9,6,Grande Século
1590,6.3,1.8,26.0,35.0,0.99314,3.32,0.82,11.6,6,Grande Século
1591,5.4,1.7,16.0,26.0,0.99402,3.67,0.56,11.6,6,Grande Século
1592,6.3,2.3,29.0,40.0,0.99574,3.42,0.75,11.0,6,Grande Século
1593,6.8,1.9,28.0,38.0,0.99651,3.42,0.82,9.5,6,Raiz
1594,6.2,2.0,32.0,44.0,0.9949,3.45,0.58,10.5,5,Grande Século
1595,5.9,2.2,39.0,51.0,0.99512,3.52,0.76,11.2,6,Grande Século
1597,5.9,2.0,32.0,44.0,0.99547,3.57,0.71,10.2,5,Raiz
